transaction_id,customer_id,product_id,transaction_date,amount,quantity,payment_method,status
6af9a08c-c947-41e1-b76b-79f12f200fff,CUST001,PROD005,2026-01-23,158.38,1,PayPal,Completed
4f075833-527a-4559-9bc9-bb513fb3b8ef,cust001,PROD002,2026-07-10,$204.84,1,Credit Card,Completed
798beef9-e01c-4364-b10e-89468fe7bf76,CUST001,PROD008,2026-01-31,237.46,2,Credit Card,Completed
483ac303-9ac1-4f72-b2fd-36cc733fdf0e,CUST001,PROD002,2026-01-27,,3,   CrEdIt CaRd   ,Completed
3a4f0822-5f8e-4b40-8e55-7b4d1fcf2f10,CUST001,PROD009,2026-05-06,,2,Credit Card,Completed
93eba232-7ea5-40aa-a9d1-e48a7991ae06,CUST001,PROD006,2026-05-30,280.01,3,Credit Card,Completed
5b0732c7-ceae-40a8-8b3b-69d7833d7810,CUST001,PROD005,2026-02-09,158.38,1,   CrEdIt CaRd   ,Completed
1b74e3f8-e147-4fb1-8e7c-e40cd4192151,CUST001,PROD009,2026-06-21,,1,   CrEdIt CaRd   ,Completed
b29dea18-11ae-426f-9365-94f84f065c37,CUST001,PROD003,2026-01-30,352.06,1,Bank Transfer,Completed
a940a6cf-3163-4688-8ecd-efaa31952004,CUST001,PROD001,2026-06-18,,1,   CrEdIt CaRd   ,Completed
cdd397b2-46d1-426e-b60c-9c3f72a5f041,CUST001,PROD002,2026-05-30,204.84,2,Credit Card,Completed
292a394b-c065-4bde-b743-295e1b4c9c0f,CUST001,PROD008,2026-01-20,237.46,3,PayPal,Completed
21db4840-8909-48e9-a8b0-4adfb728b4fc,CUST001,PROD005,2026-02-24,158.38,2,Credit Card,Completed
b7667d8f-31dd-405a-9d5e-152debce72f6,cust001,PROD001,2026-02-18,90.71,1,Bank Transfer,Completed
213095e6-6877-4435-93c0-3bbc985ea302,CUST001,PROD008,2026-07-01,237.46,,   CrEdIt CaRd   ,Completed
cec0365a-5746-4620-b4c7-dfb09e3bebfc,CUST001,PROD007,2026-04-24,181.57,1,PayPal,Completed
9148b29a-3050-4f15-8b44-06c63575dea6,CUST001,PROD002,2026-04-07,204.84,1,Credit Card,Completed
92d1808e-9985-433d-8c40-bfae9faf1b27,CUST002,PROD004,2026-07-03,467.7,2,Bank Transfer,Completed
d6816805-0513-40df-bd9d-5a91881e9024,CUST003,PROD004,2026-04-05,467.7,1,Credit Card,Completed
dcff341b-cf1d-40e6-8fce-fc9b01d08d04,cust003,PROD004,2026-02-14,467.7,two,Bank Transfer,Completed
e0a78c48-fa40-4fe8-a286-703cee8cb043,CUST004,PROD001,2026-06-08,90.71,3,Credit Card,Completed
262ec100-6517-4f99-8ff3-0cb52c433e62,CUST004,PROD008,2026-06-06,237.46,3,Credit Card,Completed
73cc38bf-2a98-493d-8329-77ceaafab12c,CUST004,PROD002,2026-06-22,204.84,1,PayPal,Completed
0becbed7-410e-4b3a-853e-3dbdbc92dc4d,CUST004,PROD006,2026-07-05,280.01,3,PayPal,Completed
1d7257b5-9da6-438a-8852-1780bbb410fc,CUST004,PROD010,2026-03-22,77.0,3,Credit Card,Completed
bf6bd1e4-63aa-4f28-b4e0-fab4394a1135,CUST004,PROD001,2026-03-09,90.71,3,Credit Card,Completed
ae27df22-0d86-44ce-8ac4-aa2539be52ae,CUST004,PROD002,2026-06-09,204.84,2,Bank Transfer,Completed
2c88f4db-a59b-4f27-8a27-5e35e4873b81,CUST004,PROD008,2026-05-25,237.46,3,Bank Transfer,Completed
4d6e638f-9c1e-4b01-afda-9013e9b3755e,CUST004,PROD003,2026-02-18,352.06,3,Credit Card,Completed
ad8b76f8-ef95-40c3-be0e-1612193eebd7,CUST004,PROD003,2026-03-22,352.06,1,   CrEdIt CaRd   ,Completed
6756c49e-9c8c-48e6-b6bf-f6df269f7d8b,CUST004,PROD007,2026-02-21,181.57,3,   CrEdIt CaRd   ,Completed
47332b3e-4b87-4d54-bc0e-bc1d588692a5,CUST004,PROD008,2026-02-26,,2,PayPal,Completed
8caf2d09-8973-4666-bea3-8a4d8a5d334e,CUST004,PROD006,2026-04-09,280.01,3,Credit Card,Completed
6bd75bcc-fbf9-444d-a4d0-c8af0f63112e,CUST004,PROD009,2026-04-24,,2,Credit Card,Completed
fb0f95f3-34f0-467d-80a2-075bec54aff9,CUST004,PROD006,2026-02-25,280.01,3,Bank Transfer,Completed
430310e4-9db7-4ff1-8bf4-27933f5d1173,CUST004,PROD005,2026-03-07,158.38,3,   CrEdIt CaRd   ,Completed
5cf39212-19d7-4ffe-89c6-c0de652c254f,CUST004,PROD003,2026-07-05,352.06,3,   CrEdIt CaRd   ,Completed
213abe80-ab3f-417a-97bd-9f976688a381,CUST004,PROD007,2026-03-04,181.57,2,PayPal,Completed
25afba29-f649-40e3-9885-7865e50c3352,CUST004,PROD007,2026-05-31,181.57,3,   CrEdIt CaRd   ,Completed
0fb9fb8e-3405-4bdb-99f8-3ed333a12d22,CUST005,PROD007,2026-03-28,181.57,3,Bank Transfer,Completed
30209edb-5dfa-4a2d-9475-48d2d32a16f9,CUST005,PROD010,2026-07-05,77.0,2,   CrEdIt CaRd   ,Completed
7b295765-4a64-48cf-a1df-d13b2019760c,CUST005,PROD005,2026-04-18,158.38,3,Credit Card,Completed
55a656ca-45f2-44b6-bb89-7213e7277056,CUST005,PROD005,2026-06-24,99999999,2,Bank Transfer,Completed
6e23dd82-9ad6-42bb-bfcf-5625934442d7,CUST005,PROD003,2026-07-06,352.06,3,Bank Transfer,Completed
52b2c513-2655-4f43-9ed0-4c32d7f6d831,CUST005,PROD004,2026-02-15,467.7,1,Credit Card,Completed
f9a0a80e-6dee-45a1-a83e-ab4b7614c8d4,CUST005,PROD003,2026-02-05,352.06,2,   CrEdIt CaRd   ,Completed
4d7c9e74-7182-4a32-b75d-bd5678bb04a2,CUST005,PROD009,2026-05-12,,2,PayPal,Completed
93035593-ffb7-4430-a64b-19926d89c1cd,CUST005,PROD009,2026-04-01,,2,Bank Transfer,Completed
8388a519-e4ff-42ae-b8a4-67ba222a9219,CUST005,PROD001,2026-07-06,90.71,1,Bank Transfer,Completed
a69d904d-53f0-49bb-b3b5-180d2fe5041c,CUST005,PROD003,2026-02-13,352.06,1,Bank Transfer,Completed
d951254c-2a2d-4d1d-94ad-528d8363411c,CUST005,PROD008,2026-07-09,237.46,,Credit Card,Completed
591f977c-b046-44e1-842b-6c8566ff659d,CUST006,PROD004,2026-07-03,467.7,1,PayPal,Completed
63bd3ed9-1fb3-48f6-a3f7-2e06ecabc7af,CUST006,PROD009,2026-06-29,,3,PayPal,Completed
a9cf69a1-23ac-47a9-97a5-dc0da45b6190,CUST006,PROD002,2026-02-28,204.84,1,PayPal,Completed
9114c304-da4b-4790-80c1-453b23b7cdce,CUST006,PROD010,2026-03-12,77.0,3,PayPal,Completed
8cf979a6-94b4-43fe-9bfd-0f95591f6895,CUST006,PROD007,2026-02-03,181.57,2,Bank Transfer,Completed
e34f2381-b192-45d2-9847-6582d17be2e8,CUST006,PROD001,2026-07-16,$90.71,2,PayPal,Completed
adb2b6a4-3125-4c32-bae8-5a54f8912dfc,CUST006,PROD010,2026-06-11,77.0,2,PayPal,Completed
a5517483-91bd-47c4-8d3f-d36390aef368,CUST006,PROD003,2026-07-10,352.06,1,Bank Transfer,Completed
269cbe71-699b-4080-b289-23e7e570d9b3,CUST006,PROD007,2026-07-14,181.57,1,PayPal,Completed
384b2f6e-3c2c-439c-8696-24231b206f1a,CUST006,PROD006,2026-01-22,280.01,1,Bank Transfer,Completed
5cbcd0fa-b9c1-4f87-8567-fa260efbf4b6,CUST006,PROD009,2026-02-05,$nan,,PayPal,Completed
80bb6779-53fc-49f0-9c3d-260da9a96064,CUST006,PROD005,2026-02-15,158.38,2,Bank Transfer,Completed
a4acbf50-7fb3-485e-9b3c-620d8f9aef7d,cust006,PROD002,2026-01-23,204.84,3,Credit Card,Completed
c399c28f-2a93-4e07-a4cf-13eb60a0d847,CUST006,PROD008,2026-01-23,$237.46,3,Bank Transfer,Completed
3d68087d-51b9-4c6f-b20d-7ff0d2ec2ad8,CUST006,PROD001,2026-05-05,90.71,2,   CrEdIt CaRd   ,Completed
cf402db1-8486-432c-a3f9-97cfdecb6f21,CUST006,PROD001,2026-03-14,90.71,1,Bank Transfer,Completed
75476e67-36ee-4c3a-8819-4951e2f84e87,CUST006,PROD005,2026-06-09,158.38,,   CrEdIt CaRd   ,Completed
6f7c3036-6065-4850-8b08-917656f60679,CUST006,PROD010,2026-03-12,77.0,1,PayPal,Completed
855c99d7-423b-44fd-8f24-7fee927dd0d7,CUST006,PROD004,2026-06-04,467.7,,   CrEdIt CaRd   ,Completed
2ec4b36a-c1bb-4401-8bc2-ae73883931d0,CUST006,PROD009,2026-03-20,,1,Bank Transfer,Completed
64cedaa1-fb8a-4417-b503-258340541cec,CUST007,PROD006,2026-03-09,280.01,2,Credit Card,Completed
1720d63e-87df-4f8a-9318-baba32c3f1fd,CUST007,PROD005,2026-04-03,158.38,1,PayPal,Completed
cbd2b742-6bb5-4f85-8fd6-76435004a2a5,CUST007,PROD004,2026-03-06,467.7,2,Bank Transfer,Completed
71b02e78-61a6-4874-a242-5c2c396d31d4,CUST007,PROD001,2026-03-13,90.71,2,   CrEdIt CaRd   ,Completed
203616c5-fad6-466f-afc9-e1982b641cc5,CUST007,PROD001,2026-06-20,90.71,2,   CrEdIt CaRd   ,Completed
254d0b77-5a83-41bc-a1b6-528812738e48,CUST007,PROD007,2026-05-10,181.57,1,Bank Transfer,Completed
e9f4b5a1-0662-4321-a392-2a955bf552ae,CUST007,PROD004,2026-02-26,467.7,1,Credit Card,Completed
e3f36d79-6808-4dbf-b309-adf885a8555a,CUST007,PROD002,2026-03-31,204.84,,Bank Transfer,Completed
c98b206f-c78d-4182-9e8d-398dbcb827cd,CUST007,PROD005,2026-05-11,158.38,3,   CrEdIt CaRd   ,Completed
6248c40e-dc40-4a3a-9912-a8cfe9af2286,CUST007,PROD002,2026-03-17,204.84,1,PayPal,Completed
bb411b1a-7223-484f-8de9-84a5ec90cc38,CUST007,PROD005,2026-06-18,158.38,2,PayPal,Completed
4fa65dc5-d652-4a96-8af7-d8929bd93015,CUST007,PROD001,2026-03-23,90.71,2,Credit Card,Completed
c73534d3-0adf-4a90-9107-4e49f090dd7f,CUST007,PROD001,2026-05-01,90.71,3,   CrEdIt CaRd   ,Completed
452fdba8-a4ec-41a1-9412-214c684b84db,CUST007,PROD004,2026-01-30,467.7,1,   CrEdIt CaRd   ,Completed
22d561bc-449f-44e5-9e3e-705732b5f05a,CUST007,PROD001,2026-05-30,90.71,1,PayPal,Completed
a12a3bff-ff28-451e-a458-41fd6abad4e3,CUST007,PROD009,2026-03-10,,2,   CrEdIt CaRd   ,Completed
7bfaab44-bad2-4048-9f06-6f845fb83540,CUST007,PROD006,2026-06-06,280.01,,Credit Card,Completed
417fb936-a328-413d-9723-5967aabc6ebe,CUST007,PROD003,2026-01-24,352.06,1,   CrEdIt CaRd   ,Completed
ec8ed0e6-d316-450c-8ecc-cd50d4af80fd,CUST008,PROD003,2026-03-30,352.06,2,   CrEdIt CaRd   ,Completed
1b66e335-a340-4b7a-8475-75cc3ba580cb,CUST008,PROD001,2026-03-11,90.71,3,Bank Transfer,Completed
bf7f51ff-16f6-44e2-8b7c-5818b250cde3,CUST008,PROD010,2026-05-03,77.0,two,Bank Transfer,Completed
3c0a626b-05cc-45bd-9d2c-648607c541db,CUST008,PROD007,2026-05-17,181.57,1,   CrEdIt CaRd   ,Completed
5c8734f6-2eed-424f-86a2-2ee913bfad8c,CUST008,PROD007,2026-05-25,181.57,1,PayPal,Completed
4f96fad4-9bf8-49eb-bd74-7dfc2a2940af,CUST008,PROD009,2026-05-03,,1,Bank Transfer,Completed
1de976ff-1527-4576-9e43-773b7d1fcff9,CUST008,PROD007,2026-02-24,181.57,1,   CrEdIt CaRd   ,Completed
b2f284f8-2deb-4cf0-8fc5-fa29b83e9e66,CUST008,PROD005,2026-03-29,158.38,3,Bank Transfer,Completed
6cf75ce9-c251-4327-8e3c-f22786f4e8f6,CUST008,PROD008,2026-05-02,237.46,1,   CrEdIt CaRd   ,Completed
3d8ed630-ec34-4319-9264-c47107458407,CUST008,PROD005,2026-05-30,158.38,2,   CrEdIt CaRd   ,Completed
9ce4d58c-784e-490b-96f3-c82ae0f6c967,CUST008,PROD004,2026-05-18,467.7,1,   CrEdIt CaRd   ,Completed
40acf147-7619-4733-a22a-c29c655debc1,CUST009,PROD010,2026-05-06,77.0,,Credit Card,Completed
3c04b08a-a9f0-4eeb-b35a-487613b9fcd0,cust009,PROD008,2026-02-25,,2,   CrEdIt CaRd   ,Completed
5a32a656-d339-4af3-94a3-723c593f476f,CUST009,PROD007,2026-06-25,181.57,,Credit Card,Completed
efabc130-638d-45de-9a25-0b94f76338da,CUST009,PROD010,2026-06-18,77.0,3,   CrEdIt CaRd   ,Completed
9008a61f-c679-425a-adb1-44f6514e3aa3,CUST009,PROD010,2026-04-06,77.0,2,   CrEdIt CaRd   ,Completed
015b4f83-7649-479e-b751-0fa47a58cd7a,CUST009,PROD006,2026-06-10,280.01,3,Bank Transfer,Completed
d498eeea-8b44-4c81-8c85-9aebcded0b88,CUST009,PROD004,2026-06-24,467.7,3,   CrEdIt CaRd   ,Completed
85478ce4-285f-45bd-8f39-9d546956f860,CUST009,PROD008,2026-05-06,237.46,3,Bank Transfer,Completed
3b4b19c1-af95-4ddd-9fdb-3c4b8156bc13,CUST009,PROD002,2026-05-13,204.84,3,   CrEdIt CaRd   ,Completed
93ec32d1-6d40-4e76-97fc-60d8869b26a3,CUST009,PROD005,2026-03-15,158.38,3,Credit Card,Completed
ce37be1d-99e4-4116-a274-c35591ecaae8,CUST010,PROD010,2026-05-01,77.0,3,PayPal,Completed
50fa6da0-c14f-44c7-ab92-b92f67206556,CUST010,PROD001,2026-04-01,90.71,2,   CrEdIt CaRd   ,Completed
1efdf944-91cb-42a9-a20a-4515b4cfcf87,CUST010,PROD009,2026-07-12,,2,Credit Card,Completed
ddfcd054-2167-4bf7-b53e-dd39792b7f47,CUST010,PROD009,2026-05-17,,1,   CrEdIt CaRd   ,Completed
d7589429-9abb-4c20-a17d-7d3c12a69319,CUST010,PROD007,2026-02-03,$181.57,1,PayPal,Completed
592e4cef-2ca0-4875-9606-6b4218184ea9,CUST010,PROD003,2026-03-23,$352.06,1,Bank Transfer,Completed
7f2c2fae-43b8-4490-a0b2-3f0cbb0166da,CUST010,PROD006,2026-06-29,280.01,3,Credit Card,Completed
e4993b01-82a6-462d-9035-2b5f4843ef69,CUST010,PROD007,2026-04-10,181.57,1,PayPal,Completed
11dda075-088c-4fde-92a7-fca95c3ee47b,CUST010,PROD006,2026-05-07,280.01,3,Credit Card,Completed
89f75003-c614-4134-b979-cbcf3ae68626,CUST010,PROD005,2026-02-14,158.38,2,   CrEdIt CaRd   ,Completed
2d9da274-9401-48de-8c4c-67768890437a,CUST010,PROD008,2026-03-25,237.46,3,PayPal,Completed
728f4e82-cd90-4589-9410-f51eeb39ff7d,CUST010,PROD007,2026-07-06,$181.57,3,Credit Card,Completed
b3f1b57b-8188-49c7-b21f-48931ddac252,CUST010,PROD004,2026-06-12,467.7,1,Bank Transfer,Completed
6bfd8e80-e69e-4614-bab4-42ae7b77ff13,CUST010,PROD002,2026-07-09,204.84,2,   CrEdIt CaRd   ,Completed
2effc75b-a51d-4575-9732-b278e523f4be,CUST010,PROD001,2026-02-07,90.71,3,Bank Transfer,Completed
3ebe1561-5d09-4ade-a5e5-96dad4edb867,CUST010,PROD010,2026-03-19,77.0,,PayPal,Completed
438ac6c5-b62e-4080-b13d-951d8de25754,CUST010,PROD002,2026-04-14,204.84,two,Bank Transfer,Completed
a4200f97-8f7f-4828-9dfc-9c2f741901af,CUST010,PROD007,2026-01-25,,3,Bank Transfer,Completed
595f5d7e-5dd3-457d-80ef-ac9d0592c1d3,CUST011,PROD010,2026-03-18,77.0,,Credit Card,Completed
652d2520-9d92-45a4-8686-fce83593ebe0,CUST011,PROD002,2026-04-28,204.84,2,Bank Transfer,Completed
d4d90077-0982-4011-927c-e5087eecca21,CUST011,PROD006,2026-03-04,$280.01,1,Bank Transfer,Completed
7cf431b9-f811-4687-9146-f01ac999574b,CUST011,PROD004,2026-04-12,$467.7,,   CrEdIt CaRd   ,Completed
b403c621-e932-493b-929b-9c921b83f7ff,CUST011,PROD008,2026-02-09,237.46,2,PayPal,Completed
c4e650f5-2765-4b85-9815-f353ef63079c,CUST011,PROD001,2026-03-26,90.71,3,PayPal,Completed
7574d65c-cace-473e-9aa3-3d520dd2c038,CUST011,PROD008,2026-02-07,,2,PayPal,Completed
f7caf4bd-857b-4fcc-8fb4-0ff44feff6e2,CUST011,PROD004,2026-05-07,467.7,3,PayPal,Completed
665e63a9-1ccf-4d5d-8543-aa8a48d1a8c3,CUST011,PROD006,2026-05-09,280.01,1,   CrEdIt CaRd   ,Completed
2e69c0a8-422f-459d-97be-78f23b15fea6,cust011,PROD001,2026-05-28,90.71,3,PayPal,Completed
02a39f6b-23d1-43f2-9eea-778a0dd43b0b,CUST011,PROD005,2026-03-12,158.38,2,Credit Card,Completed
07048a13-70f2-416c-850e-c9b037eb1142,CUST011,PROD001,2026-03-22,90.71,3,Bank Transfer,Completed
2f8aea54-7417-4817-98a3-f840c5fa7e0d,CUST011,PROD007,2026-02-13,181.57,2,   CrEdIt CaRd   ,Completed
a4d56b1e-c060-4eda-b9a7-c7d0f6c7cf24,CUST011,PROD008,2026-04-11,237.46,3,   CrEdIt CaRd   ,Completed
6b0ed4f1-8597-4e41-b177-87cf24b3081a,CUST011,PROD001,2026-05-16,,2,Bank Transfer,Completed
17d0bfb8-0061-4a01-b1d8-813d22e43575,cust011,PROD002,2026-06-10,204.84,1,Bank Transfer,Completed
6fdf212a-9359-4007-96a2-05d7f5ece3ba,CUST011,PROD008,2026-04-28,237.46,2,PayPal,Completed
d51ac79f-a8ed-4574-91b8-2db449693c53,CUST011,PROD006,2026-06-19,280.01,3,PayPal,Completed
d135d9db-4617-4d77-a379-de24196c1817,CUST011,PROD009,2026-04-27,,2,Bank Transfer,Completed
458203f2-86ec-4388-a959-0a6e2a7d79b4,CUST011,PROD010,2026-03-23,,1,   CrEdIt CaRd   ,Completed
f243de89-0af6-4d4b-ad0b-010a972bc86f,CUST012,PROD005,2026-04-15,158.38,1,Credit Card,Completed
5ab093d1-8fe7-4c2d-b6ed-dc274dfa10d3,CUST012,PROD007,2026-01-25,181.57,1,Bank Transfer,Completed
1c530000-b4af-4c12-a75f-b39f16cf285b,CUST012,PROD006,2026-02-08,280.01,3,PayPal,Completed
e84f6067-680b-41f4-a3dc-cf66e528ae3a,CUST012,PROD007,2026-02-13,181.57,2,Bank Transfer,Completed
1f2c67b9-a9ad-40b7-a2f7-f2e45eb5e6a9,CUST012,PROD008,2026-05-31,237.46,3,Bank Transfer,Completed
172b6d0d-cffe-40ff-a075-d1106b12bb1e,CUST012,PROD009,2026-02-14,,1,Bank Transfer,Completed
787e6c2b-a196-4e49-b475-0c6f9d3da98c,CUST012,PROD008,2026-06-26,237.46,2,Bank Transfer,Completed
a2ed69ec-915b-4985-b108-a0a3da0357d9,CUST013,PROD007,2026-02-24,181.57,3,PayPal,Completed
d3b1e738-93f1-45f3-a8db-c8bc0539bba9,CUST014,PROD007,2026-03-15,181.57,2,Bank Transfer,Completed
0ed991fc-da5a-435c-bc85-c9fa44c939b9,cust015,PROD009,2026-03-13,,2,Bank Transfer,Completed
d066f66d-fc82-496c-a866-d4ab5c007be8,CUST015,PROD010,2026-02-20,77.0,2,   CrEdIt CaRd   ,Completed
14fba7c9-4aa3-4d04-8b53-5258bd145b19,CUST015,PROD003,2026-04-01,,1,Credit Card,Completed
52da0203-3f6e-446f-8287-0207cb3aa494,CUST015,PROD002,2026-05-10,204.84,2,Bank Transfer,Completed
019420fb-288c-46f6-ab39-afaa17b468e3,CUST015,PROD006,2026-03-14,280.01,2,PayPal,Completed
7d98d964-b6c0-466e-8809-d00c43de7e42,CUST015,PROD009,2026-04-28,,3,Bank Transfer,Completed
e178b514-b398-4cd6-bb5f-a3584ea22cd2,CUST016,PROD009,2026-02-08,,3,   CrEdIt CaRd   ,Completed
1a74d512-c21a-473f-bdaa-0eb0eeaf5f2d,CUST016,PROD005,2026-02-23,158.38,1,PayPal,Completed
16559e57-c142-458a-adc9-2e3781c9d13d,CUST016,PROD009,2026-01-28,,1,   CrEdIt CaRd   ,Completed
10721e70-1e8f-4e00-8998-ca2f4eb8cac3,cust016,PROD007,2026-03-23,181.57,2,Credit Card,Completed
518b6217-4c88-4d98-affa-b7d1fd7bc117,CUST016,PROD002,2026-04-18,204.84,2,Credit Card,Completed
188c6820-d692-4f61-b238-ed0d0f4cdab1,CUST016,PROD008,2026-03-13,237.46,3,   CrEdIt CaRd   ,Completed
dd4cb9cb-eb34-4ebf-9c80-bd2c48490b9a,CUST016,PROD005,2026-03-24,158.38,,PayPal,Completed
b5df51f4-7f66-4b08-bacc-40db6d21c7a6,CUST016,PROD001,2026-06-13,90.71,3,Credit Card,Completed
3bba7b68-48bb-4510-9fe7-c275cdd00a23,cust016,PROD010,2026-03-02,77.0,3,Credit Card,Completed
2bf5aadd-20ac-40df-b2fc-0a5c50428856,CUST016,PROD003,2026-05-02,352.06,2,   CrEdIt CaRd   ,Completed
cd5b17ea-d078-4aae-9161-09f779c4031f,CUST016,PROD003,2026-04-07,352.06,3,   CrEdIt CaRd   ,Completed
84aaf2a9-4ebf-4199-9c45-2a3d4e1023b7,CUST016,PROD008,2026-04-19,237.46,1,Credit Card,Completed
16c1f1eb-c27d-4c78-a959-bb82de87aabc,CUST016,PROD005,2026-02-14,158.38,2,   CrEdIt CaRd   ,Completed
bc064e6e-5ebd-4579-9967-e91d3731a099,CUST016,PROD010,2026-02-07,77.0,two,Bank Transfer,Completed
1fd728e0-046c-4192-9781-85fbf11bac8c,CUST017,PROD006,2026-07-08,280.01,3,Bank Transfer,Completed
15b637c7-368f-4a8d-b9aa-4e83f40b50d2,CUST017,PROD003,2026-06-02,352.06,2,   CrEdIt CaRd   ,Completed
f51d6656-bee5-4373-ac63-66206adb2048,CUST017,PROD005,2026-03-21,158.38,3,   CrEdIt CaRd   ,Completed
531afdd5-7472-4974-bf78-eb435d1d9c49,CUST017,PROD005,2026-03-01,158.38,1,Credit Card,Completed
4b76b2e9-2f5d-4a6b-b7f5-5478a26092e4,CUST017,PROD003,2026-04-14,352.06,2,PayPal,Completed
2f7fc0fe-d2f8-44c3-8540-d581628abe2c,CUST017,PROD006,2026-04-07,280.01,3,   CrEdIt CaRd   ,Completed
abc48fc3-8d7d-4ceb-9096-59ff645c5bb3,CUST017,PROD002,2026-07-03,204.84,2,Credit Card,Completed
f9ed79a4-10d1-4fbd-91a8-4e008a4cf985,CUST017,PROD001,2026-02-12,90.71,3,Credit Card,Completed
61cc9eec-8099-43c4-874b-79e107cf31f0,CUST018,PROD007,2026-06-05,181.57,3,PayPal,Completed
32496b94-21cf-41d3-b965-a0c5d876429c,CUST018,PROD004,2026-03-29,467.7,3,Credit Card,Completed
d1175376-dc6c-44c5-9333-f628ca817b3f,CUST018,PROD005,2026-05-03,158.38,3,Bank Transfer,Completed
897d1d9a-734c-4ea5-8dc7-f994f32cbbd1,CUST018,PROD009,2026-03-24,,3,Credit Card,Completed
a363922d-a396-48a1-a683-12e350230552,CUST018,PROD010,2026-07-09,77.0,two,Bank Transfer,Completed
adff68b4-de73-4f36-93ca-36abcfa19ce9,CUST018,PROD009,2026-05-04,,2,Bank Transfer,Completed
5b74a10a-9f7b-4388-b5e4-59f21d00d09d,CUST018,PROD007,2026-05-09,181.57,2,Credit Card,Completed
3221f7eb-f113-4a04-8f13-b1ea2db38d64,CUST018,PROD003,2026-04-01,352.06,3,PayPal,Completed
4fe9b2b8-e24a-46e2-9e3f-ddd716d56548,CUST018,PROD007,2026-01-24,181.57,3,Credit Card,Completed
71b0056d-26e4-47d1-b67b-438a47f373a4,CUST019,PROD008,2026-07-07,$237.46,2,Credit Card,Completed
f1b9bd87-e26d-439e-889f-da56ed609b70,CUST019,PROD006,2026-02-04,280.01,3,PayPal,Completed
5e01c045-f6fb-419f-af26-0e79c022bf23,CUST019,PROD004,2026-05-15,467.7,3,Bank Transfer,Completed
e646fb6a-5845-4291-af2d-a43ad9434243,CUST019,PROD009,2026-05-05,,3,PayPal,Completed
ba041bbd-fa55-4f3d-bb59-ddf9f56b1d61,CUST019,PROD003,2026-05-04,,1,Credit Card,Completed
62f05a48-59c5-41f5-b323-0c162bd3e6dd,CUST019,PROD008,2026-05-09,237.46,,   CrEdIt CaRd   ,Completed
0ec8a94b-712f-4f99-8e13-68e086b85177,CUST019,PROD002,2026-03-10,204.84,1,   CrEdIt CaRd   ,Completed
04b60485-3cc2-4067-9c61-256a70b69f79,CUST019,PROD006,2026-04-17,280.01,1,   CrEdIt CaRd   ,Completed
5e6e52eb-071d-4b1d-bd1b-bcf966013839,CUST019,PROD001,2026-04-12,90.71,3,   CrEdIt CaRd   ,Completed
c7450878-a93c-4400-80fc-4f019dbe9d96,CUST019,PROD003,2026-04-27,352.06,3,Credit Card,Completed
658b4438-5feb-45b9-99f6-3dde7fdfa28b,CUST019,PROD009,2026-05-20,,2,PayPal,Completed
d5ddf9bc-8c6d-41cd-95bd-754c62d5e99b,CUST019,PROD002,2026-06-10,204.84,2,Credit Card,Completed
6a3c2869-3aa8-4db3-b90d-6cd2b4c888dd,CUST019,PROD001,2026-02-13,90.71,1,Credit Card,Completed
31c2af48-a9f6-48e4-8f77-0133620feaf1,CUST019,PROD005,2026-02-14,158.38,2,Credit Card,Completed
3ec5392e-2b93-4976-9f00-9681e59c0c81,CUST019,PROD008,2026-03-13,237.46,3,PayPal,Completed
d41a34df-7b1a-4baa-87dd-3d9ac3895fa6,CUST020,PROD010,2026-06-09,77.0,1,Credit Card,Completed
fabaf54d-772b-4754-87d2-aeb3814ff605,CUST020,PROD008,2026-07-08,237.46,3,PayPal,Completed
78de638b-0b0c-4066-8148-b67cefbcb968,CUST021,PROD009,2026-04-21,,1,   CrEdIt CaRd   ,Completed
78e360f1-2c98-4942-b2be-d07cda250047,CUST021,PROD008,2026-02-01,237.46,2,PayPal,Completed
ce1fe425-bd61-4d46-949d-fc72a9bdfc14,CUST022,PROD007,2026-04-11,181.57,3,   CrEdIt CaRd   ,Completed
339f73c5-46a1-4e7f-96fd-47c7c99a593d,CUST022,PROD008,2026-01-25,237.46,1,Credit Card,Completed
ce5bc4ee-283a-48b2-a982-826c8134d5c0,CUST022,PROD006,2026-03-14,280.01,3,PayPal,Completed
06d19c22-99cc-43a9-a9f4-e89ce834debe,CUST022,PROD001,2026-05-16,90.71,3,Bank Transfer,Completed
efb1ba25-ce10-4841-b6cd-3562b2cfa9ef,CUST022,PROD004,2026-02-26,467.7,2,   CrEdIt CaRd   ,Completed
d6d38ad2-944c-4738-ab90-b92dc4ed57d2,CUST022,PROD009,2026-02-05,99999999,2,PayPal,Completed
2a65eb9d-f56d-4cd6-a23d-ba7c86be9e03,CUST022,PROD001,2026-07-01,90.71,2,PayPal,Completed
2d50cdd4-d3b1-4d3c-976f-f5882bc91087,CUST022,PROD009,2026-03-09,,1,Bank Transfer,Completed
aa66490b-04c2-4e6e-86c8-e61541ecd5b0,CUST022,PROD008,2026-02-26,237.46,1,Credit Card,Completed
51458f8a-eb80-42f3-be49-45910a574ab8,CUST023,PROD004,2026-05-12,467.7,1,Bank Transfer,Completed
0bce3d77-8b20-4c5a-97a3-6b5abcf289d6,CUST023,PROD004,2026-04-30,467.7,3,PayPal,Completed
1127f9da-e34e-47f3-9838-7601a4ab961f,cust023,PROD010,2026-03-04,77.0,2,Credit Card,Completed
cab0b454-bf4c-4f77-8509-8df7cd0ed7a5,CUST023,PROD002,2026-04-12,204.84,3,PayPal,Completed
a0232a05-5e2f-4767-b128-4f8e14754c2c,CUST023,PROD010,2026-04-06,99999999,,Bank Transfer,Completed
470538cf-faef-4864-b4d5-0778c8c5dd39,CUST023,PROD007,2026-03-27,181.57,2,Bank Transfer,Completed
7e4e68ef-2fe8-45e5-9eb3-a97490531092,CUST023,PROD008,2026-07-05,237.46,,PayPal,Completed
3051026c-d3ae-4fdd-a113-6ca7071cc2f9,CUST023,PROD009,2026-05-15,,1,Bank Transfer,Completed
ee6f197e-0a3e-4492-a2f0-d7196b88349b,CUST023,PROD004,2026-07-02,467.7,2,Bank Transfer,Completed
64784e76-9ac4-43a5-95a2-ef19af0cabf0,CUST023,PROD005,2026-05-22,158.38,2,Bank Transfer,Completed
a723e010-6d2a-4dad-97fa-cadf7ed904ad,CUST024,PROD001,2026-05-21,90.71,2,Credit Card,Completed
1255b816-ba1f-454c-8ae9-be15e2a694a0,CUST024,PROD008,2026-05-24,237.46,1,   CrEdIt CaRd   ,Completed
0cef4627-dfd9-4511-a74b-b6a5864f7d9e,CUST024,PROD007,2026-03-06,181.57,1,Credit Card,Completed
d37bb768-45c8-44e3-be1f-c96188a7e4dc,CUST024,PROD001,2026-05-09,$90.71,1,PayPal,Completed
260e0f34-0191-49b4-b37c-02ba03d28e63,CUST024,PROD007,2026-01-25,181.57,2,   CrEdIt CaRd   ,Completed
b9f891d6-f80c-4c7a-9653-f964276656d3,CUST024,PROD010,2026-01-27,77.0,3,   CrEdIt CaRd   ,Completed
f98362d1-c2d5-4aa6-ac48-c0191e9e08e6,CUST024,PROD010,2026-02-12,77.0,1,PayPal,Completed
c12dcfa3-22ab-4082-bacc-aff6a375b272,CUST024,PROD001,2026-06-16,90.71,3,   CrEdIt CaRd   ,Completed
7eca107c-2951-4511-92af-bcf2798b653c,CUST024,PROD005,2026-06-27,158.38,2,   CrEdIt CaRd   ,Completed
7f813758-da66-44dd-aafd-17cd7378efc4,CUST024,PROD010,2026-06-01,77.0,2,PayPal,Completed
16afdda5-24f3-451f-a8e3-e49ebbefbea2,CUST025,PROD003,2026-04-10,352.06,2,   CrEdIt CaRd   ,Completed
34e2cf3c-2bb1-4431-8233-36bde3be1bab,CUST025,PROD005,2026-04-30,158.38,,Credit Card,Completed
3232c2ec-eebb-4d69-aeb2-372a6bc5603c,CUST026,PROD009,2026-02-25,,2,Credit Card,Completed
c196cff9-5316-4ad7-b6cc-689d1219a4ed,CUST026,PROD002,2026-04-09,204.84,2,PayPal,Completed
8d6a1160-d3c0-43a0-b48b-ccfd70ad2fad,CUST027,PROD005,2026-04-25,158.38,,PayPal,Completed
6d2fea7d-9f08-4577-bed4-4b9e0e4ce538,CUST027,PROD004,2026-02-20,467.7,2,PayPal,Completed
3cc6c466-d40e-4795-9e6e-0420a373815a,CUST028,PROD008,2026-05-23,237.46,two,Credit Card,Completed
f183fefe-cc4f-41a9-adf0-56de7733a32b,CUST028,PROD006,2026-05-02,280.01,1,Bank Transfer,Completed
b61e8751-7251-4b07-b88c-697854a33b69,CUST029,PROD008,2026-03-31,237.46,1,PayPal,Completed
fa5d099f-fec2-4e9a-b7b7-e7600b1fd588,CUST029,PROD007,2026-05-09,181.57,1,PayPal,Completed
c672ed9f-96a3-4b4c-8196-9783e45de208,CUST029,PROD003,2026-04-20,352.06,3,Credit Card,Completed
b88eabf7-ffd0-4f4a-a848-29bd8c7dcc85,CUST029,PROD010,2026-05-12,77.0,2,Bank Transfer,Completed
ad020b81-b1cc-40f1-ae14-b08faa9733dc,CUST029,PROD007,2026-03-06,,,   CrEdIt CaRd   ,Completed
5f3004d2-7065-4248-b847-80e442c10f70,CUST029,PROD004,2026-04-14,467.7,2,Credit Card,Completed
923c4daf-3560-4f47-a8c8-56f78d7df47b,CUST029,PROD010,2026-02-15,77.0,2,Bank Transfer,Completed
f97e9b13-2691-431e-b157-5a8898b5766e,CUST029,PROD009,2026-06-17,,1,PayPal,Completed
f0c42206-64d5-458c-b399-f910d844669d,cust029,PROD003,2026-04-16,352.06,2,   CrEdIt CaRd   ,Completed
2a259570-16fa-4edd-a505-10c91f7849a2,CUST030,PROD006,2026-06-26,,two,Bank Transfer,Completed
c7bb5417-df7f-4bed-8d34-6dde72cc32ab,cust030,PROD007,2026-06-27,181.57,2,PayPal,Completed
ece508c8-8dd1-4f96-86e8-52684a37523d,CUST030,PROD002,2026-03-06,204.84,3,   CrEdIt CaRd   ,Completed
ddf08d81-421d-419e-b4f9-c02e9cff498a,CUST030,PROD007,2026-03-06,181.57,3,PayPal,Completed
05223542-4012-4778-a5b4-da8f2246b3c1,CUST030,PROD005,2026-06-16,158.38,3,Bank Transfer,Completed
b92699a7-3f48-4ed3-afb0-d297c141ddbc,CUST030,PROD006,2026-03-27,280.01,1,   CrEdIt CaRd   ,Completed
5722d602-8dcf-43d5-8112-d2c0a1d0d2f5,cust031,PROD001,2026-02-28,90.71,1,   CrEdIt CaRd   ,Completed
f330c1aa-b2f8-4674-aadd-81d0a97b6be1,CUST031,PROD005,2026-03-18,158.38,2,Credit Card,Completed
508a4227-901b-4fb7-b2db-29b2ef6f84ca,CUST031,PROD009,2026-03-16,,3,Bank Transfer,Completed
cdcb9955-e62e-488b-9dbf-1e938e5603be,CUST032,PROD003,2026-04-15,352.06,two,Credit Card,Completed
a40f8ab1-18bf-4d5b-955d-3dc0ab9a044d,CUST032,PROD006,2026-07-04,$280.01,3,PayPal,Completed
34a59e89-29ff-491f-adcf-62fcce61cb79,CUST033,PROD001,2026-05-14,90.71,2,Credit Card,Completed
89036daa-376c-452e-bc2a-e4a50556e9ff,CUST033,PROD007,2026-06-11,,3,PayPal,Completed
44a148eb-0d3a-4eec-85ee-f29b00dd06a3,CUST033,PROD001,2026-05-05,90.71,3,PayPal,Completed
3882e25f-6eff-4059-abb1-1793502cb065,CUST033,PROD003,2026-05-30,352.06,,Bank Transfer,Completed
3ac6ac81-11ad-4588-b4a4-0b5c86599354,CUST033,PROD009,2026-02-26,,1,   CrEdIt CaRd   ,Completed
8a27ccf3-1537-49b2-9757-059b894f1244,CUST033,PROD004,2026-02-24,467.7,1,   CrEdIt CaRd   ,Completed
c1d4b7b8-6338-4ac2-85b4-adbc1ff86617,CUST033,PROD003,2026-05-29,352.06,3,   CrEdIt CaRd   ,Completed
30790d9a-b171-47d9-8423-5ef879b9026f,CUST033,PROD007,2026-07-11,181.57,1,   CrEdIt CaRd   ,Completed
0d5ba70e-e581-413a-9205-c0781136c615,CUST033,PROD002,2026-02-28,204.84,,PayPal,Completed
cb1da6b0-07d3-47b0-a132-a12d93cdef88,CUST033,PROD003,2026-04-07,352.06,1,Bank Transfer,Completed
4e0c6773-3ec6-4428-9b51-aa9b93d4fc41,CUST033,PROD003,2026-04-03,352.06,2,PayPal,Completed
98dbe644-09a8-4c82-8ca9-9c9e77b63d80,CUST033,PROD001,2026-05-04,90.71,2,   CrEdIt CaRd   ,Completed
50038012-5949-4abd-8808-2cdc261a4b73,CUST033,PROD008,2026-06-26,237.46,3,Bank Transfer,Completed
c7ecc77c-077f-4873-aad5-353a347da567,CUST033,PROD006,2026-01-23,280.01,3,PayPal,Completed
6b26541d-46f5-4fc7-8b38-036422c757de,CUST033,PROD005,2026-06-01,158.38,1,PayPal,Completed
000a5133-3508-4cbb-80af-3e6184baf7bc,CUST033,PROD008,2026-06-23,237.46,two,   CrEdIt CaRd   ,Completed
a4d90eb2-27cf-4691-a263-14c291e1155f,CUST033,PROD002,2026-04-03,$204.84,2,   CrEdIt CaRd   ,Completed
bf7e4471-5c6f-49a8-b0df-7c1e7413fb5f,CUST034,PROD001,2026-03-24,90.71,1,PayPal,Completed
774d8cd9-92fa-4254-ba6f-fccd9d21a14a,CUST034,PROD010,2026-04-10,77.0,2,   CrEdIt CaRd   ,Completed
63b6234a-17cb-491e-ae63-4037f71fd8fe,CUST034,PROD004,2026-03-18,467.7,1,PayPal,Completed
753f27a9-bec9-48fa-859e-2b52dc624274,CUST034,PROD005,2026-04-27,158.38,2,Credit Card,Completed
dc8c2858-8f04-4f5d-bfaf-42a90112b7ec,CUST034,PROD008,2026-01-30,237.46,2,   CrEdIt CaRd   ,Completed
5b7af177-3c05-4afb-9253-802185036aad,CUST034,PROD004,2026-06-13,467.7,3,Credit Card,Completed
66b300da-bdf3-474e-b325-8bd9d14cee21,CUST034,PROD004,2026-06-14,467.7,3,   CrEdIt CaRd   ,Completed
1a1eaf8a-0af1-4aa7-b2c5-f8123f1926d7,CUST034,PROD004,2026-05-30,467.7,2,Bank Transfer,Completed
37a8fb9c-95b1-4ea7-973f-319e66b9c307,CUST034,PROD007,2026-04-25,181.57,1,PayPal,Completed
a42016e0-12a9-4281-9462-7ea2e67d1d20,CUST034,PROD006,2026-06-01,280.01,2,Bank Transfer,Completed
36f75029-2ac6-4e4c-8848-8779dc838346,CUST034,PROD002,2026-05-05,204.84,1,Bank Transfer,Completed
e29eac53-7ace-4913-90d8-3185dfee1270,CUST035,PROD009,2026-05-05,,3,PayPal,Completed
69d99f1b-28e5-4a8b-ab61-c38fa6797819,CUST036,PROD004,2026-06-10,467.7,2,PayPal,Completed
b3be167c-c2a2-4895-9ce0-1842dcfd334b,CUST036,PROD006,2026-07-12,280.01,,PayPal,Completed
bd9120b7-65d8-4049-affe-706ab07e2593,CUST036,PROD002,2026-03-06,204.84,two,   CrEdIt CaRd   ,Completed
adee53bf-627e-4509-8cd2-3e48b3ff22ac,CUST036,PROD008,2026-07-07,237.46,2,Credit Card,Completed
10153c9c-51d1-4ef5-9208-2583d02256c1,CUST036,PROD008,2026-05-06,237.46,3,Credit Card,Completed
1f0e04d9-aa31-4c46-aa13-1615b9751b4a,CUST036,PROD002,2026-06-11,204.84,1,Bank Transfer,Completed
a7fd57f8-b855-4546-a9e5-bbf7c2a8f7bd,CUST036,PROD007,2026-04-18,181.57,3,PayPal,Completed
c081b64c-dd62-43ed-87fd-9402987f292c,CUST036,PROD009,2026-03-23,,1,   CrEdIt CaRd   ,Completed
d0a86c10-3cce-4322-a3f0-1d5f00930420,CUST036,PROD007,2026-02-03,181.57,2,Bank Transfer,Completed
bd3a4e21-ea2d-44d1-aea1-0ef1ab520eac,CUST036,PROD008,2026-04-15,237.46,3,Credit Card,Completed
a0474f7d-68c6-481c-b344-5d9dbe482fe8,CUST036,PROD007,2026-06-05,181.57,2,Bank Transfer,Completed
6439797e-d708-4971-a01d-bab43fb80375,CUST036,PROD009,2026-05-13,,3,PayPal,Completed
36bc9a30-e519-4c19-86b6-8902808cc53f,CUST036,PROD008,2026-01-22,237.46,1,Credit Card,Completed
680177c8-c2cb-44b0-9fd2-a6c40de9420d,CUST037,PROD007,2026-01-26,181.57,1,Bank Transfer,Completed
59232a59-a3b8-4f73-a5df-218cc1534074,CUST037,PROD009,2026-04-02,,2,Bank Transfer,Completed
61e3f4b0-8e1f-4095-b17e-6e9a56ecdc74,CUST038,PROD007,2026-03-04,181.57,2,Bank Transfer,Completed
bd43032d-9369-4e37-9113-163d2c5d7967,CUST038,PROD009,2026-04-09,,1,PayPal,Completed
98c3371f-5db4-4b58-9e98-b4e386ef6c59,CUST038,PROD008,2026-03-12,237.46,1,Bank Transfer,Completed
aa5f73cc-3061-4028-946d-8b093d488582,CUST038,PROD010,2026-05-23,77.0,1,Credit Card,Completed
45d69a9a-9995-40b8-a7b1-2612a919d50a,CUST038,PROD007,2026-07-10,181.57,3,   CrEdIt CaRd   ,Completed
0e67d9e3-ff93-461e-b02b-0baa71fc8509,CUST038,PROD005,2026-06-04,158.38,2,Bank Transfer,Completed
b0c94874-728a-4486-9ee7-995584e5e335,CUST038,PROD008,2026-06-04,$237.46,1,Credit Card,Completed
c9f87359-dd76-4895-ae57-b13755c9dc88,CUST038,PROD001,2026-05-15,90.71,,Credit Card,Completed
14bd4b18-bc38-47ee-9739-20efaccd3605,CUST038,PROD007,2026-05-01,99999999,2,   CrEdIt CaRd   ,Completed
6e710535-d734-41c8-a571-c52645624c0f,CUST038,PROD004,2026-03-28,467.7,2,Bank Transfer,Completed
c3318205-2756-4cf9-be40-0a727cbdd2cd,CUST038,PROD006,2026-04-26,280.01,2,PayPal,Completed
38721e30-7217-4b55-b55b-0aa45ee4f536,CUST038,PROD002,2026-02-14,204.84,3,   CrEdIt CaRd   ,Completed
9f6ec602-549a-422d-95ca-5b47bfe819e3,CUST038,PROD001,2026-07-11,90.71,2,   CrEdIt CaRd   ,Completed
2c468342-a3a8-4e75-8ed8-09cca111576a,CUST038,PROD002,2026-05-05,204.84,2,Credit Card,Completed
e6937e03-ba60-43fa-918d-697fa2aac312,CUST038,PROD010,2026-06-24,77.0,2,Credit Card,Completed
29d434f3-61a8-485f-84e0-7bb90da02503,CUST038,PROD007,2026-05-04,181.57,1,   CrEdIt CaRd   ,Completed
011f3ba3-1853-4eda-b5bf-4693a4b1a515,CUST038,PROD003,2026-06-29,352.06,3,Credit Card,Completed
802f8e12-5298-4862-831e-757ed57ca2a5,CUST038,PROD005,2026-01-23,158.38,3,   CrEdIt CaRd   ,Completed
458db2d5-6b53-4243-85b5-a7f3261a0acd,CUST038,PROD002,2026-02-04,204.84,2,Bank Transfer,Completed
94c8a233-6b90-40bc-9046-e9a50545d287,CUST039,PROD009,2026-05-24,,,Bank Transfer,Completed
1bee8c86-edf2-4124-80c0-ae5d9dfa910d,CUST039,PROD005,2026-02-14,158.38,2,   CrEdIt CaRd   ,Completed
4f32cbbc-674e-47bd-95fd-a17826815a2c,CUST039,PROD006,2026-02-07,280.01,1,   CrEdIt CaRd   ,Completed
a2208023-4c92-4656-8f63-3809c0342661,CUST039,PROD003,2026-03-20,352.06,2,Credit Card,Completed
0f2f058c-7b0a-4385-a52d-5eb393ef865b,CUST039,PROD007,2026-02-17,181.57,1,PayPal,Completed
913b69bf-e4b8-46de-9154-0de57000b2aa,CUST039,PROD003,2026-05-26,,,Credit Card,Completed
db8ec71e-9691-4f4f-8c0a-692d21780762,CUST039,PROD009,2026-02-23,,two,PayPal,Completed
d98e3373-801e-47c5-83d5-910aaeefe0bd,CUST039,PROD002,2026-02-17,204.84,1,Bank Transfer,Completed
67e3b664-29a0-40a5-a314-bbb8cd9dc63d,CUST039,PROD008,2026-05-03,237.46,3,   CrEdIt CaRd   ,Completed
bbbcad57-bd2f-4417-9841-f66aa21cd0f8,CUST039,PROD001,2026-03-18,90.71,2,Credit Card,Completed
e2fbdf2c-0367-4e0b-a997-ab6c37203f7d,CUST039,PROD001,2026-02-28,90.71,2,PayPal,Completed
cbe5fa68-8bc3-4523-9db8-3946c522ba51,CUST039,PROD010,2026-03-20,77.0,1,Bank Transfer,Completed
049558d9-69f6-4db8-b186-31c316448444,CUST039,PROD006,2026-03-14,280.01,2,Bank Transfer,Completed
47d2758f-e7b3-482a-88f6-70da54af122a,CUST039,PROD006,2026-03-27,,1,Bank Transfer,Completed
fee040df-3431-4ce7-a6d1-c732478f4ddc,CUST039,PROD001,2026-02-06,90.71,3,Credit Card,Completed
f64bfb56-1a1f-43d3-8e45-355c502e2bf8,CUST040,PROD006,2026-03-01,280.01,3,Bank Transfer,Completed
f6fbfadc-1132-4923-95bb-7c645cc702fb,CUST040,PROD010,2026-04-13,77.0,1,PayPal,Completed
2856787e-f7e9-40cc-90b8-89ff1efa6188,CUST040,PROD006,2026-04-22,280.01,3,Bank Transfer,Completed
27dc3f3d-f4fd-4a3b-aaca-7c95dfb8d4e4,CUST040,PROD006,2026-04-28,280.01,3,PayPal,Completed
e7de6af8-a21f-4086-b85c-4d9a01c31d55,CUST040,PROD010,2026-03-03,$77.0,1,Credit Card,Completed
d462e80d-7fd7-4096-8fdd-cb6b7d4887cb,CUST040,PROD002,2026-04-11,204.84,1,Credit Card,Completed
76083968-bff1-4e64-ae2a-0c20abe2918c,CUST040,PROD002,2026-04-15,204.84,1,PayPal,Completed
541cf182-bef7-49ab-b507-fd7ab4b634e5,CUST041,PROD001,2026-04-06,90.71,2,Credit Card,Completed
a6ee3aa3-c50d-4c20-873e-314242ea49ce,CUST041,PROD003,2026-01-30,352.06,2,PayPal,Completed
f043f1d5-77e9-46bc-814b-e2d9cebd0238,CUST041,PROD006,2026-07-15,280.01,2,Credit Card,Completed
3ac25b1a-b9c1-4a94-a176-3b6261b59258,CUST041,PROD010,2026-05-27,77.0,3,Bank Transfer,Completed
e0777e83-5427-4a3a-a80f-b4aca6a74eaf,CUST041,PROD005,2026-06-02,158.38,3,PayPal,Completed
a6ded607-905d-4b48-9914-3035653f8274,CUST042,PROD001,2026-04-03,,3,Credit Card,Completed
d27a0617-b833-4ed0-9deb-853f907cb8e4,CUST043,PROD003,2026-04-06,352.06,3,PayPal,Completed
87e25fa9-3ca9-44ec-9afe-b5a6c28ee5df,CUST044,PROD002,2026-02-22,204.84,2,Credit Card,Completed
dd7f09ca-52e3-45a4-a33c-a077b5fb58a5,CUST044,PROD008,2026-03-07,237.46,3,Bank Transfer,Completed
3854ff26-7f21-4e3c-8403-90ddfeeae328,CUST044,PROD006,2026-04-21,280.01,1,Credit Card,Completed
33b7ad8d-7872-4016-99e2-86c5f0079043,CUST044,PROD003,2026-06-05,352.06,2,Credit Card,Completed
06d2d1f3-7c71-42fb-aadf-e4e50d302575,CUST044,PROD002,2026-01-24,204.84,3,   CrEdIt CaRd   ,Completed
2ac1f440-ebac-47d8-a109-06e9a146b8a0,CUST044,PROD004,2026-04-05,467.7,3,PayPal,Completed
9e19cab2-a092-40c8-bdb8-51945ecf6716,CUST044,PROD003,2026-01-25,352.06,1,PayPal,Completed
b4088038-ef05-4bba-bf48-c37245b807a5,CUST044,PROD001,2026-06-07,90.71,1,Bank Transfer,Completed
2ef24e17-94ef-4a2e-9c68-96a51a47f5d3,CUST044,PROD003,2026-02-24,352.06,3,   CrEdIt CaRd   ,Completed
bfe6d0b2-504a-46cb-969a-a97626308e44,cust044,PROD003,2026-06-19,352.06,3,Bank Transfer,Completed
66ab08c6-63aa-479d-a209-84468d33c605,CUST044,PROD002,2026-05-07,204.84,1,Bank Transfer,Completed
b6c3bd41-d2e4-4b39-bc30-0303d46efd5b,CUST044,PROD007,2026-02-05,$181.57,1,PayPal,Completed
7272c786-c2e2-42b2-b027-bd34bb06332d,CUST044,PROD001,2026-02-14,90.71,1,   CrEdIt CaRd   ,Completed
c8c34298-edc9-42b2-a186-1d3d9cee5562,CUST044,PROD008,2026-03-27,$237.46,3,   CrEdIt CaRd   ,Completed
3b583ead-e01a-4664-9da8-6719f80c29f3,CUST044,PROD010,2026-02-17,77.0,1,Bank Transfer,Completed
dc1de0cb-39e9-4022-8587-d0c2dbf2b734,CUST044,PROD004,2026-05-22,467.7,two,Bank Transfer,Completed
911a4141-b5ce-444a-ba25-6673d74d5a7f,CUST045,PROD003,2026-06-26,352.06,2,PayPal,Completed
3bf3109b-593b-4cf7-8eb9-a40567297397,CUST046,PROD008,2026-03-31,99999999,2,   CrEdIt CaRd   ,Completed
84043a2a-d5a9-4a0d-be84-f863eda193ee,CUST046,PROD010,2026-06-28,77.0,2,Bank Transfer,Completed
dd50d077-a23c-46a5-826c-6ff7528fd888,CUST046,PROD002,2026-07-02,204.84,1,   CrEdIt CaRd   ,Completed
4617693f-1239-4afc-a66a-4f97bb6b6969,CUST046,PROD003,2026-03-09,$352.06,2,   CrEdIt CaRd   ,Completed
dde90937-4ff9-401c-b20c-3dbfecc7f461,CUST046,PROD008,2026-04-04,237.46,2,Bank Transfer,Completed
6cc0cbed-b7c2-4349-a136-13d515e681fe,CUST046,PROD001,2026-05-02,90.71,3,Bank Transfer,Completed
4e8f4c59-e6e6-4848-acbb-66c9644aed43,CUST047,PROD007,2026-06-12,181.57,2,   CrEdIt CaRd   ,Completed
1e4e1735-41a5-434c-ba7a-44a71f270845,CUST047,PROD004,2026-06-27,467.7,2,Bank Transfer,Completed
c7f256ff-0e4b-45a5-b9e8-8c8db0ed7b79,CUST047,PROD007,2026-03-04,181.57,3,Credit Card,Completed
a7a53fa5-3371-4274-b0b0-b594415c9b36,CUST047,PROD010,2026-04-12,77.0,3,   CrEdIt CaRd   ,Completed
53d6df2e-cb95-473d-a520-d528809810b6,CUST047,PROD005,2026-05-24,158.38,,Bank Transfer,Completed
04746d2f-38f9-4f8c-9da7-be602d9b1825,CUST047,PROD005,2026-06-01,$158.38,2,Bank Transfer,Completed
53ba103b-5456-4b44-bab9-f8c2a5883cf4,CUST047,PROD003,2026-06-07,352.06,1,Credit Card,Completed
495f89d8-1a9d-49fb-9f16-0264ca5c5806,CUST047,PROD010,2026-03-18,77.0,3,   CrEdIt CaRd   ,Completed
37066d48-058d-47a8-a8ad-4f760e8695fe,CUST047,PROD010,2026-02-25,77.0,1,Bank Transfer,Completed
58eb37a8-0c9f-45ca-afda-873bddc83352,CUST047,PROD007,2026-06-19,181.57,1,PayPal,Completed
3498dbf1-cd50-4cbd-a4b1-5b1cfdbc2c7d,CUST047,PROD001,2026-05-27,90.71,3,   CrEdIt CaRd   ,Completed
e4cabceb-f801-485f-bd40-30499d9e1b5d,CUST047,PROD009,2026-01-25,,,Bank Transfer,Completed
f602fad2-eb65-43cd-b5e9-1d4ca7c02ff0,CUST047,PROD001,2026-02-04,,2,Bank Transfer,Completed
623efc4c-64a2-42c9-8304-086b3b0d9e2f,CUST047,PROD007,2026-07-13,99999999,3,Bank Transfer,Completed
0ddff258-33e7-47bf-b499-b29f459f0873,CUST047,PROD001,2026-02-05,90.71,3,   CrEdIt CaRd   ,Completed
e0de8e1d-65d3-46c6-b1ec-06d19ea56240,CUST048,PROD008,2026-03-21,237.46,2,Bank Transfer,Completed
ef25999c-0f69-4a0f-9028-176c863dd001,CUST048,PROD004,2026-04-07,467.7,1,PayPal,Completed
97ee0e69-50ac-4f0a-aa19-f117736c06c1,CUST049,PROD005,2026-03-13,158.38,1,   CrEdIt CaRd   ,Completed
8ec52d76-1eb7-45ab-97e6-b7d0e2a16f12,CUST050,PROD004,2026-06-23,467.7,2,PayPal,Completed
d2e2f172-8276-4ed7-818d-f0a6cf23c99a,CUST050,PROD006,2026-03-09,280.01,2,PayPal,Completed
3b8208bb-464b-435a-8d90-2bcb0de4bb36,CUST050,PROD005,2026-03-24,158.38,2,Bank Transfer,Completed
44d513e8-c2a5-4873-8dfd-42d13a63c423,CUST050,PROD005,2026-04-14,158.38,3,Credit Card,Completed
eb0528cc-1c46-4884-a1e9-42120a2ce225,CUST050,PROD009,2026-01-22,,1,PayPal,Completed
a1e8a062-727f-456a-b96a-f570acb2f540,CUST050,PROD006,2026-06-04,280.01,3,PayPal,Completed
79f8af50-e2fd-437e-8183-86191977b56a,CUST050,PROD006,2026-01-24,280.01,2,PayPal,Completed
6956cc20-4088-46f8-84c2-0c9a0739da9d,CUST050,PROD008,2026-03-29,237.46,1,Credit Card,Completed
4e88feb1-8c59-4461-9697-4890f94896b7,CUST050,PROD009,2026-03-29,,3,PayPal,Completed
5b01a2f0-1756-4261-a824-9c124ab95992,CUST050,PROD002,2026-03-24,204.84,2,Bank Transfer,Completed
d8ee46ac-3743-44f5-aec6-5ca2bd8e8d15,CUST050,PROD009,2026-02-18,,3,Bank Transfer,Completed
3ed9638b-05ca-4d7a-859f-0cd1ffa9cf47,CUST050,PROD009,2026-03-31,,3,   CrEdIt CaRd   ,Completed
b3b524fd-cfce-4e48-a71d-0131a9e4473b,CUST050,PROD006,2026-06-24,,3,Credit Card,Completed
eb51da93-112d-44f7-9b41-e8b2c572aee9,CUST050,PROD006,2026-05-12,280.01,3,   CrEdIt CaRd   ,Completed
e614acb9-0baf-4810-95a5-9d6230feb86b,CUST050,PROD010,2026-01-21,77.0,1,Credit Card,Completed
4d0deb25-9ab6-4e87-a91a-1ad3c01b6e64,CUST050,PROD003,2026-05-31,352.06,1,Bank Transfer,Completed
d0e9f77d-d04a-4d99-8699-59609cb85c81,CUST050,PROD009,2026-03-26,,2,Bank Transfer,Completed
9b0ae5ea-8c18-4396-9a85-a3059d6a4b6d,CUST050,PROD005,2026-02-18,158.38,2,Bank Transfer,Completed
3b4e98fe-30b6-4dbd-a6ea-aee00f55bfae,CUST050,PROD005,2026-02-15,158.38,1,PayPal,Completed
ce20c6c5-c2ca-4818-bf0f-afa1feedb8e8,CUST050,PROD001,2026-04-20,90.71,2,PayPal,Completed
0ed25520-6928-4c61-a70b-e48d9073466a,CUST051,PROD008,2026-06-11,99999999,1,Bank Transfer,Completed
bb4bbae8-c558-4624-b918-0a80bfcca18f,CUST051,PROD007,2026-06-21,181.57,1,Credit Card,Completed
1a35373e-9f36-445a-94fb-8674733e1708,CUST051,PROD008,2026-03-03,237.46,2,PayPal,Completed
8bd8da38-3cf0-4490-866c-62b0fb125b12,CUST051,PROD007,2026-05-07,181.57,3,PayPal,Completed
165cb3d3-2bfe-4d85-a4e8-cc9f3cce348b,CUST051,PROD003,2026-04-02,$352.06,2,PayPal,Completed
14842131-6dab-43d0-8805-5153b8519ba0,CUST051,PROD003,2026-01-26,352.06,3,Credit Card,Completed
684e3d9b-a8ce-4cd7-bbc4-5bd6fe28ed9e,CUST051,PROD007,2026-04-04,181.57,2,Bank Transfer,Completed
34104771-469c-4725-9111-d21cf62afe96,CUST051,PROD010,2026-04-24,77.0,3,PayPal,Completed
8584937c-f3ca-4174-ba0a-b344c946fb2c,CUST051,PROD006,2026-06-16,$280.01,1,Credit Card,Completed
043d34b1-a287-447d-b2ae-3c135cd54064,CUST051,PROD008,2026-03-02,237.46,two,Bank Transfer,Completed
f8fc1fc7-73f4-4227-8779-3cf789ff75c0,CUST052,PROD006,2026-02-24,280.01,3,Credit Card,Completed
d556e5f9-7f3a-49ee-ba3b-a905f5e393dd,CUST052,PROD007,2026-07-15,181.57,two,   CrEdIt CaRd   ,Completed
803c9b73-d202-464d-8cb7-00d2a6cf8cd4,CUST052,PROD003,2026-04-20,,3,PayPal,Completed
65ee87ea-a0bb-4c0b-9428-5776d1a7326c,CUST052,PROD010,2026-05-24,77.0,2,Bank Transfer,Completed
33994be5-6b85-42a2-a9bb-49423a6f34e6,CUST052,PROD008,2026-05-18,237.46,1,Credit Card,Completed
75782f17-f168-4baf-a448-f2d4be1e5f99,CUST052,PROD001,2026-05-04,$90.71,2,Bank Transfer,Completed
927e9e83-3da5-4504-926b-6a294959bc25,CUST052,PROD002,2026-02-28,204.84,2,   CrEdIt CaRd   ,Completed
f063ef3d-c325-46cc-bec2-b26e37af97d1,CUST052,PROD009,2026-01-30,,2,PayPal,Completed
ca01ba73-91a9-4a9a-be0b-51c6ad2b1867,CUST052,PROD009,2026-02-06,,3,Bank Transfer,Completed
8d8bdb01-262f-483a-9167-cab05f5deeaa,CUST052,PROD001,2026-06-28,90.71,2,Bank Transfer,Completed
358b1c24-a92c-4cd5-88b4-de451f9b5e9b,cust052,PROD010,2026-03-06,77.0,1,PayPal,Completed
1236ef3b-25da-4c66-9973-26dd8fecf63a,CUST052,PROD003,2026-03-07,352.06,3,PayPal,Completed
20cdead8-bb8c-4c4a-baf1-412c1e3d6deb,cust052,PROD006,2026-02-23,280.01,1,Bank Transfer,Completed
5eca1edb-d7f4-4d3a-8a3b-f28e12c593fb,CUST052,PROD002,2026-02-04,204.84,3,Bank Transfer,Completed
d9ee71ea-d81d-4e96-b695-86d02156d13e,cust052,PROD009,2026-01-28,,1,Bank Transfer,Completed
6bca1bfd-5be6-4850-9058-b067b552cdb6,CUST052,PROD010,2026-04-04,77.0,1,PayPal,Completed
9b013220-cacd-4081-b3f3-79939efe65d6,CUST052,PROD007,2026-04-02,181.57,1,   CrEdIt CaRd   ,Completed
c40bd500-3643-42f5-bf8d-a88023cd455d,CUST052,PROD003,2026-03-30,352.06,3,   CrEdIt CaRd   ,Completed
c09f54eb-2240-4f14-94af-50937a31169d,CUST053,PROD004,2026-03-25,467.7,3,Bank Transfer,Completed
902f43c5-26c8-44c8-a09c-81f3a250ebe7,CUST053,PROD004,2026-06-23,99999999,1,Credit Card,Completed
b18be812-776c-41bd-8943-58d48a2444b5,CUST053,PROD003,2026-02-25,352.06,3,Credit Card,Completed
eda0b285-a2a3-43f3-9845-9be26300bfa2,CUST053,PROD003,2026-07-13,352.06,3,PayPal,Completed
1a508393-5b67-4b1c-872a-809d402603b4,CUST053,PROD010,2026-07-12,77.0,1,   CrEdIt CaRd   ,Completed
cc3698bc-1429-4b8d-8630-d09ac96b05c2,CUST053,PROD001,2026-05-13,90.71,1,Bank Transfer,Completed
a82576b5-51c5-4a26-83c0-651813474392,CUST053,PROD008,2026-03-09,237.46,3,   CrEdIt CaRd   ,Completed
1b64e784-8fb9-4a0e-872e-3688d8cafc7e,CUST053,PROD004,2026-07-05,467.7,2,Bank Transfer,Completed
64b84ff3-4cfd-4805-ae9e-406a309c4ff9,CUST053,PROD006,2026-05-20,280.01,3,Bank Transfer,Completed
95af785c-e168-4006-ad3d-79e106555357,cust053,PROD008,2026-04-02,237.46,3,Bank Transfer,Completed
57d56432-fa21-4704-8365-6a458849c54c,CUST053,PROD007,2026-02-25,181.57,3,PayPal,Completed
2d7a6d38-b419-4d41-969e-13eae5057462,cust053,PROD004,2026-03-28,467.7,3,   CrEdIt CaRd   ,Completed
62048909-5896-47a3-b798-2179f913ddb4,CUST053,PROD008,2026-03-09,237.46,3,PayPal,Completed
4841816a-f3c0-41bd-9e66-80a53ba68c0a,CUST053,PROD007,2026-05-18,181.57,2,   CrEdIt CaRd   ,Completed
87c59af9-1e31-419a-b9b5-2e29c0359bcd,CUST053,PROD004,2026-05-10,467.7,1,PayPal,Completed
85f75294-2c12-43eb-8beb-358f84ca5ae4,CUST053,PROD009,2026-02-24,$nan,,Credit Card,Completed
d9a740ab-27a4-43be-b08e-834e342b79cb,CUST053,PROD004,2026-06-08,467.7,,PayPal,Completed
b2764684-70df-4622-8b3e-48db384b3168,CUST053,PROD009,2026-03-31,,1,   CrEdIt CaRd   ,Completed
75b875cc-1391-4100-bd14-33c0b99b89e0,CUST053,PROD006,2026-06-04,280.01,2,Credit Card,Completed
b21cebfb-c828-4d72-bebf-e5ae161a8052,CUST054,PROD009,2026-04-22,,2,   CrEdIt CaRd   ,Completed
6dcd2dca-bf62-441f-b273-26dbddb640f8,CUST054,PROD006,2026-04-19,280.01,2,Bank Transfer,Completed
47ce4bc1-0231-4d84-b4a5-fab62407fd32,CUST054,PROD007,2026-05-31,181.57,2,Credit Card,Completed
569f6f64-2fb7-4b4e-9004-8c3f5b6392f8,CUST054,PROD003,2026-03-05,$352.06,3,PayPal,Completed
69bb2199-85df-48cf-bd6f-99c3250a5546,CUST054,PROD009,2026-03-18,,2,PayPal,Completed
f3b5a80d-cd5b-458a-89e9-102f22ff9df0,CUST054,PROD005,2026-06-24,,1,Bank Transfer,Completed
754bba36-8e7f-431e-b510-1d40e79aba41,CUST054,PROD005,2026-02-24,158.38,2,PayPal,Completed
eb390d4c-8c96-47cd-b331-199b5404d9b2,CUST054,PROD002,2026-05-07,$204.84,2,Bank Transfer,Completed
522571b1-72e6-44e3-9c91-a75c4bec9dc4,cust054,PROD003,2026-01-31,352.06,1,   CrEdIt CaRd   ,Completed
ed8ab6ba-1f47-4b81-a5ff-18416d2eb6bb,cust054,PROD007,2026-05-09,181.57,3,PayPal,Completed
b4da9555-2c6d-4b52-95a6-c1de18da5802,CUST055,PROD007,2026-03-15,181.57,1,PayPal,Completed
28bd36b5-36d7-4db6-81fc-7fba0b9b7a02,CUST055,PROD009,2026-02-14,,2,Credit Card,Completed
6d1c147d-6829-4cde-942e-07a224f16977,CUST055,PROD006,2026-05-29,280.01,1,Credit Card,Completed
3651ffb2-4194-4e47-9f24-0e746c0a53f4,CUST055,PROD001,2026-03-07,$90.71,2,Bank Transfer,Completed
ee1e00da-4207-4ca6-98e6-69de4b924f93,CUST055,PROD010,2026-05-06,77.0,1,   CrEdIt CaRd   ,Completed
509cbf11-1557-4a46-b366-882df53fc640,CUST055,PROD003,2026-05-13,352.06,1,PayPal,Completed
9d5137d9-6058-49fd-85d9-c3b519746dc7,CUST056,PROD006,2026-02-04,280.01,1,   CrEdIt CaRd   ,Completed
e0fee421-2f70-4814-916a-d8c70f19f728,cust056,PROD002,2026-06-22,204.84,3,Bank Transfer,Completed
810c5c91-ecf6-4b34-8ceb-81b043954fd1,CUST056,PROD008,2026-05-22,237.46,3,   CrEdIt CaRd   ,Completed
a3318301-d381-45c1-9726-10c8e6222cf1,CUST056,PROD002,2026-04-17,204.84,3,PayPal,Completed
9cd9ddab-6cb0-4880-97f1-0099a272fa94,CUST056,PROD004,2026-03-14,467.7,3,PayPal,Completed
fb07335a-f427-4f6c-b620-03f2f8091b3c,CUST056,PROD001,2026-06-06,90.71,1,Bank Transfer,Completed
0bdcd2a7-e3c8-4a52-9b6d-81263be0e05e,CUST056,PROD005,2026-04-28,158.38,2,   CrEdIt CaRd   ,Completed
1dddd3b3-9fa6-4bf3-be3a-83e15a359df9,CUST056,PROD006,2026-06-07,280.01,3,PayPal,Completed
88b3a4d4-14d0-4e44-a461-1cf6d3bbaadc,CUST056,PROD004,2026-02-08,467.7,1,Bank Transfer,Completed
e829ffe7-83de-4fb9-b875-c0bf044d9ab7,CUST056,PROD005,2026-05-30,158.38,2,   CrEdIt CaRd   ,Completed
b2273ef9-788b-4c2d-bec8-61e600f7d212,CUST056,PROD009,2026-06-14,,1,Bank Transfer,Completed
625db925-c053-4dbc-8496-a5831fadc00c,CUST056,PROD009,2026-01-20,,1,PayPal,Completed
ab2adb15-6b95-4681-9c64-463b11a74d4a,CUST056,PROD010,2026-06-02,77.0,1,Credit Card,Completed
e72dc3ae-3976-4605-9119-441617bd1ed2,CUST056,PROD003,2026-03-24,352.06,3,PayPal,Completed
107233aa-ca3e-4f94-a5f2-9b689bc06050,CUST056,PROD007,2026-06-19,181.57,3,Credit Card,Completed
cffa0c02-6d8a-40c4-8b44-66f0d093ed8f,CUST056,PROD001,2026-05-22,90.71,2,PayPal,Completed
62d89a5d-cefc-40fa-a614-ad294488738f,CUST056,PROD007,2026-04-24,$181.57,1,PayPal,Completed
9536a55a-cdca-4f8a-9621-1d36d179a528,CUST056,PROD002,2026-06-28,204.84,1,   CrEdIt CaRd   ,Completed
369426e9-7040-4d8a-ba72-3fda5b0571b6,CUST057,PROD005,2026-04-03,158.38,3,Bank Transfer,Completed
52efef01-fec0-45dc-a47e-6f7e383bccaf,CUST057,PROD005,2026-06-24,158.38,1,Credit Card,Completed
d9741da6-8483-434c-86f4-fe6444186fca,CUST057,PROD006,2026-04-30,280.01,1,Bank Transfer,Completed
0e57db4b-d564-42b3-ad58-32690c291625,CUST057,PROD005,2026-02-01,158.38,2,Credit Card,Completed
6ea9b028-2aad-47eb-b992-539edba1f86a,CUST057,PROD002,2026-05-24,204.84,1,PayPal,Completed
ea2e7c52-5fc5-445d-83eb-498611ac46e3,CUST057,PROD002,2026-06-07,204.84,2,PayPal,Completed
aff203d9-370e-4850-8e48-31ef89a84a0a,CUST057,PROD003,2026-07-17,$352.06,1,Bank Transfer,Completed
e6b438cd-e7a7-4ed4-a49b-b6b1b62a3aaf,CUST057,PROD003,2026-06-26,352.06,2,Bank Transfer,Completed
e4ce8185-6617-402b-86b5-756060421318,CUST057,PROD010,2026-02-23,$77.0,1,Bank Transfer,Completed
3b742618-9a4b-48b1-a48c-120c74750ecb,CUST057,PROD009,2026-06-24,,2,   CrEdIt CaRd   ,Completed
567c9426-6ece-4482-9418-3cf19ee05cac,CUST057,PROD010,2026-03-14,77.0,,Bank Transfer,Completed
c82c907b-1cf3-4168-b03d-858352acf8be,CUST057,PROD004,2026-04-17,467.7,3,Credit Card,Completed
fe5457d6-3b81-47bf-8eef-881cdf05be86,CUST057,PROD001,2026-07-17,90.71,3,Credit Card,Completed
32d6269d-e3f0-4095-af3a-f5c32d33787a,CUST057,PROD003,2026-07-08,352.06,1,   CrEdIt CaRd   ,Completed
335277a4-5fb4-4e26-acd8-95b57d36f83a,CUST057,PROD009,2026-06-30,,1,Bank Transfer,Completed
f68da300-98c9-4c2f-b16b-bf1ef0937953,CUST057,PROD008,2026-03-28,237.46,3,Bank Transfer,Completed
c074ff40-b652-4a04-8ed1-b8598a3ea742,CUST058,PROD002,2026-06-23,204.84,3,PayPal,Completed
e9e1b549-4b43-4db9-8cc6-e51d0c01057b,CUST058,PROD009,2026-04-06,,3,   CrEdIt CaRd   ,Completed
5311ff0f-2150-4c73-bacb-57d4bd7f7261,CUST058,PROD009,2026-04-30,,1,Credit Card,Completed
6908b64a-ef74-4427-a32e-8a27b82fde2e,CUST059,PROD008,2026-05-05,237.46,3,Bank Transfer,Completed
b5688729-6fe2-4fe0-b8fc-508a03e2c2b6,CUST060,PROD009,2026-05-06,,1,   CrEdIt CaRd   ,Completed
fc3cdfbd-cded-481f-82e0-63d71d5b0721,CUST060,PROD010,2026-05-02,77.0,1,Credit Card,Completed
f7ad561d-e3f2-4680-9453-6a39e767c7d6,CUST060,PROD008,2026-01-24,237.46,1,PayPal,Completed
c401f626-bee0-4e3d-8aaa-0d76e198d7e6,CUST060,PROD006,2026-02-21,280.01,two,   CrEdIt CaRd   ,Completed
e60ce939-345e-4407-8abf-884ace4dbb74,CUST060,PROD002,2026-04-22,204.84,3,   CrEdIt CaRd   ,Completed
94ffd258-ac92-4cd0-a510-a3dbf0b146f2,CUST060,PROD002,2026-04-27,$204.84,,PayPal,Completed
812ca89d-f1ea-4f37-8f43-7c6924c3f6b2,CUST060,PROD008,2026-04-12,237.46,1,Credit Card,Completed
61be08a6-5a6d-49ad-9c2f-b405f9a47b1f,CUST060,PROD007,2026-03-02,181.57,3,   CrEdIt CaRd   ,Completed
71a8e397-0611-4bd3-9962-fabf9cbee6ec,CUST060,PROD009,2026-03-10,,1,Bank Transfer,Completed
e63a6755-3671-41cc-9c8e-e7952091b023,CUST060,PROD001,2026-05-06,90.71,2,Bank Transfer,Completed
dee720b4-c098-454f-aa71-7927f4b5d85e,CUST060,PROD006,2026-04-27,280.01,3,Bank Transfer,Completed
7a19190e-b532-4791-b612-3cac2aa0c813,CUST061,PROD001,2026-01-29,90.71,1,   CrEdIt CaRd   ,Completed
caec2b2f-7f68-4d64-b8cc-9d37f626f33f,CUST061,PROD003,2026-04-27,352.06,,PayPal,Completed
53fe7ea4-84ae-4d1b-869f-9d4510e6e554,CUST061,PROD009,2026-03-31,,3,Credit Card,Completed
8a76b78a-a57b-4df2-9447-e93996dc2d60,CUST062,PROD006,2026-04-10,280.01,2,Credit Card,Completed
9dfcb98c-8174-4257-82cc-68a5569e5bf7,CUST063,PROD010,2026-04-15,77.0,2,PayPal,Completed
3d02a410-d150-4868-80c8-737780746433,CUST063,PROD005,2026-04-16,,1,Credit Card,Completed
e3082f75-28fc-4682-b262-123a6957d2a2,CUST063,PROD010,2026-03-06,77.0,3,Bank Transfer,Completed
3bd6620b-1262-4c61-a4cd-3bfce74f1707,CUST063,PROD001,2026-02-05,,3,Bank Transfer,Completed
efdf3459-e52c-4ccd-8565-cf013d46fbc2,CUST063,PROD010,2026-02-26,77.0,3,   CrEdIt CaRd   ,Completed
bb089b4d-300d-4245-82fe-9939e1c0e9cf,CUST063,PROD003,2026-06-15,$352.06,2,Bank Transfer,Completed
ce4e708c-db72-4b7e-9694-8c1c341251d9,CUST063,PROD004,2026-04-17,,3,Bank Transfer,Completed
3c9a70a1-f936-432d-a03c-826675e99637,CUST063,PROD003,2026-05-06,352.06,3,PayPal,Completed
0c18880b-28d3-4b9f-8437-79512c536fdf,CUST063,PROD004,2026-04-18,467.7,2,   CrEdIt CaRd   ,Completed
84e407de-83f3-4275-aaf8-b2b671603ca5,CUST063,PROD009,2026-03-26,,1,Credit Card,Completed
36f776e0-8080-4295-afc1-390f893476b8,CUST063,PROD004,2026-05-20,467.7,3,PayPal,Completed
769fe14b-73cc-47f3-a13f-6c7b2212853a,CUST063,PROD010,2026-03-12,77.0,2,   CrEdIt CaRd   ,Completed
6bc9179e-c067-4b8d-a90b-30c599ae39b9,cust063,PROD007,2026-01-21,181.57,2,PayPal,Completed
47e2fa3f-a6ec-4f2d-add6-4b208eeb21d2,CUST063,PROD001,2026-03-20,90.71,3,PayPal,Completed
2adc5764-7a94-47cd-8fa4-45aad4cd92fc,CUST064,PROD008,2026-05-26,237.46,1,   CrEdIt CaRd   ,Completed
2b594a71-8aeb-409f-97f7-b5f68245ac68,CUST064,PROD002,2026-05-02,204.84,1,PayPal,Completed
7e178c81-f60e-4b02-ba4b-588de31e1247,CUST064,PROD006,2026-03-30,280.01,3,   CrEdIt CaRd   ,Completed
2dd22365-228d-484f-9137-730b0dd593e7,CUST064,PROD002,2026-03-10,204.84,1,   CrEdIt CaRd   ,Completed
c5f29bad-20c5-431a-b7e2-7c707be12c3c,CUST064,PROD002,2026-01-31,204.84,3,PayPal,Completed
8c896252-72b7-45d8-a261-0899a5efa166,CUST064,PROD001,2026-06-24,90.71,3,Credit Card,Completed
81f96ece-04fe-4f69-87aa-5750fd045e7a,CUST064,PROD001,2026-06-28,90.71,1,Bank Transfer,Completed
2adcdab1-6df6-49fb-840b-54d909ff6140,CUST065,PROD009,2026-06-23,,3,   CrEdIt CaRd   ,Completed
93fa2efe-fdf8-474a-8381-8bdf99105566,CUST065,PROD005,2026-03-05,158.38,3,   CrEdIt CaRd   ,Completed
8cf789cc-b74f-4382-91d3-a7a28051de61,CUST065,PROD001,2026-02-25,90.71,2,Bank Transfer,Completed
42a08695-e80f-43d3-95f8-4f5f98edb7af,CUST065,PROD001,2026-05-03,90.71,1,Bank Transfer,Completed
edbfd596-6185-4b99-be0a-613043d8eb0f,CUST065,PROD006,2026-06-30,280.01,1,Credit Card,Completed
a07293fc-1f2f-4c86-9abe-19bbe289aacb,CUST065,PROD003,2026-02-02,352.06,3,   CrEdIt CaRd   ,Completed
7631d547-e885-4990-a82a-ce35a1734b97,CUST065,PROD009,2026-05-05,,,Credit Card,Completed
d6f2b1cd-ef9c-402f-bec4-01a060ca3e70,CUST065,PROD007,2026-04-29,181.57,2,PayPal,Completed
b54cf307-b084-419c-bc98-9e13f09de7d5,CUST065,PROD007,2026-02-11,181.57,3,Credit Card,Completed
71abccbc-091a-4729-a6d2-8d339ea8afc5,CUST065,PROD009,2026-07-08,,3,Credit Card,Completed
82d8a594-a5bc-42d3-9914-53362ced857a,CUST065,PROD002,2026-03-18,204.84,1,Credit Card,Completed
54461bce-d10e-478d-a6b4-ac0216276386,cust065,PROD001,2026-06-21,90.71,1,PayPal,Completed
13a6178a-9a9f-4220-ade5-0bf001ebcf0a,CUST065,PROD006,2026-02-13,280.01,1,Credit Card,Completed
1d628f2f-43b7-4c20-b5e1-3821142527fc,CUST065,PROD009,2026-02-10,,1,Credit Card,Completed
ebe686ca-4e0a-4270-8d2c-ebb683e6c355,CUST065,PROD004,2026-02-20,467.7,2,PayPal,Completed
c41522ff-a741-42af-adfc-c78bcfc31745,CUST065,PROD007,2026-04-19,181.57,2,Credit Card,Completed
569603b0-8af8-4d2a-823c-a9ea5de43974,CUST065,PROD005,2026-06-11,158.38,1,Bank Transfer,Completed
9c63fbd7-eae6-4e3e-b740-88c095e45acf,CUST065,PROD004,2026-07-17,$467.7,3,Credit Card,Completed
394b72b7-d1f5-48fa-bd2e-88e6c47472db,CUST066,PROD004,2026-01-29,467.7,3,Credit Card,Completed
beba1c8c-a900-4d8b-afe0-b108dcc762a4,CUST066,PROD009,2026-06-14,,1,   CrEdIt CaRd   ,Completed
1979aa27-b146-4738-ac14-b91131957379,CUST067,PROD006,2026-07-11,280.01,1,Credit Card,Completed
dc9562cd-a245-401f-8abe-4ed110aa43f4,CUST067,PROD001,2026-07-08,90.71,1,Credit Card,Completed
ca28c3cb-b86e-436b-bd71-23216e4007b9,cust067,PROD002,2026-06-12,204.84,two,PayPal,Completed
ebac775d-e6dd-4d35-87c1-a013df7affb7,CUST067,PROD009,2026-04-13,,1,PayPal,Completed
778a2cfd-c1ff-4335-8f0a-62e20d011141,CUST067,PROD004,2026-06-20,,1,Credit Card,Completed
96a37a94-27c5-4837-ab28-482df76fed2b,CUST067,PROD007,2026-06-02,181.57,3,   CrEdIt CaRd   ,Completed
5962a98c-145d-4e74-bea7-e37c0754645a,CUST067,PROD004,2026-02-14,467.7,3,   CrEdIt CaRd   ,Completed
7f0a15ab-2afa-4946-94bd-3adb78adea33,CUST067,PROD003,2026-04-02,352.06,3,Credit Card,Completed
0abb58a3-3ff6-4795-810c-3d1db22bfe7a,CUST067,PROD001,2026-02-22,90.71,2,   CrEdIt CaRd   ,Completed
9ad53535-5ea0-4fc3-9dbd-c7f2ee723844,CUST067,PROD002,2026-02-16,204.84,1,Bank Transfer,Completed
b61fc0bc-a59d-437b-8396-dcf00631a97f,CUST067,PROD010,2026-07-17,77.0,1,Credit Card,Completed
da3e11ee-243e-444c-a0bb-3eaf3516df4b,CUST067,PROD008,2026-01-22,237.46,3,Bank Transfer,Completed
169b4880-ec53-42b6-9d6e-d4f03d32c882,CUST067,PROD002,2026-01-21,204.84,2,Bank Transfer,Completed
0593b3b4-d35a-4ca2-90fe-e7662962fa36,CUST068,PROD001,2026-05-18,$90.71,2,Credit Card,Completed
572c579b-b70c-4bbd-870a-1ce0ae111269,CUST068,PROD008,2026-06-01,237.46,2,Credit Card,Completed
39561209-8c5f-4aaf-b8d9-52eee0dc724d,CUST068,PROD009,2026-02-15,,2,PayPal,Completed
ef96335a-5972-41c0-9613-a645b6b85018,CUST068,PROD007,2026-04-24,181.57,3,   CrEdIt CaRd   ,Completed
09a9cc55-486c-4a57-b35c-fed129ceec4d,CUST068,PROD006,2026-06-21,280.01,1,Bank Transfer,Completed
80d7356d-5e8a-499b-a445-521dfec8e427,CUST068,PROD003,2026-06-16,352.06,1,Bank Transfer,Completed
d7387d7f-4b39-4dc1-be03-069b4a57dc71,CUST068,PROD003,2026-05-24,352.06,3,PayPal,Completed
e00d24b7-bf39-45df-9622-250a796670a6,CUST068,PROD005,2026-05-15,$158.38,2,   CrEdIt CaRd   ,Completed
2620172e-a1e3-49a8-9fa6-6d543adafbe7,CUST068,PROD005,2026-06-07,158.38,2,   CrEdIt CaRd   ,Completed
8bda3c91-9fb3-42ea-b23f-a55b0377bcfe,cust068,PROD008,2026-07-05,237.46,3,PayPal,Completed
c19951ba-36fc-40c5-8322-764a6dc08068,CUST068,PROD007,2026-05-05,181.57,3,Credit Card,Completed
5eaf995a-8294-4bf4-b99b-9e5b72eba17c,CUST068,PROD003,2026-03-03,352.06,1,Credit Card,Completed
7e18eff1-4e15-44e8-8198-c0cb04522622,CUST068,PROD006,2026-01-26,280.01,2,   CrEdIt CaRd   ,Completed
01cd354b-dcb7-4ba1-a2dc-fc4d70b84902,CUST069,PROD003,2026-02-05,352.06,3,   CrEdIt CaRd   ,Completed
43bdeaf7-62ba-46a1-b7f3-7f5f00c3bb5a,CUST069,PROD008,2026-07-03,$237.46,1,Bank Transfer,Completed
a4ba28af-c7ec-434c-9413-7e73db18a380,CUST069,PROD003,2026-05-08,352.06,3,Credit Card,Completed
7045755a-16d2-4e20-a035-a155833265f1,CUST069,PROD001,2026-05-12,90.71,2,PayPal,Completed
53747e36-da0f-4e26-a5ac-6e125ba6efa9,cust069,PROD007,2026-04-28,181.57,3,Bank Transfer,Completed
832f7437-bb5c-494d-9a44-9331ba83cd02,CUST069,PROD010,2026-04-12,77.0,2,Credit Card,Completed
01e5f5cf-2d67-458a-b72b-1c643b799b3e,CUST069,PROD009,2026-05-07,,2,PayPal,Completed
5fa60772-f1fd-4bcd-a5bf-d69d85b466ee,CUST069,PROD007,2026-02-26,181.57,1,Bank Transfer,Completed
db4d1d99-79a8-4f39-bb25-3d918b1ee733,CUST070,PROD005,2026-05-08,158.38,3,   CrEdIt CaRd   ,Completed
9840a007-813c-4e02-bb3f-8d90a0273a03,CUST070,PROD002,2026-02-04,204.84,2,   CrEdIt CaRd   ,Completed
f9dc18c2-7b8c-4b98-bfdd-7894d8e02486,CUST070,PROD002,2026-07-06,204.84,2,Bank Transfer,Completed
82f12449-805b-4643-bd46-5531efeef204,CUST071,PROD008,2026-04-30,99999999,2,PayPal,Completed
0d3e0afb-f9c9-4a87-aa31-b353671c56a6,CUST071,PROD003,2026-05-24,352.06,2,PayPal,Completed
4113011c-c9e1-437d-a6e6-70468a183fb8,CUST071,PROD002,2026-03-08,204.84,3,PayPal,Completed
9d7d21ba-4c35-4a12-b4e8-2dd95f87c679,CUST071,PROD007,2026-06-22,181.57,two,Credit Card,Completed
937c3d88-2194-4e35-b2bd-324274a2a4ff,CUST071,PROD007,2026-02-07,181.57,1,Bank Transfer,Completed
23b9d2f3-d6c7-46e6-9ee1-a35cc4f8ef39,CUST071,PROD007,2026-02-14,181.57,3,Bank Transfer,Completed
319bc7b8-746a-439a-9d26-cc26949417ae,CUST071,PROD009,2026-02-04,,1,Credit Card,Completed
c6bfb68b-cde0-4eb1-9058-b4d512de4f43,CUST071,PROD006,2026-03-02,280.01,3,Credit Card,Completed
7c630baf-6473-4129-9961-fb489afd5b9d,CUST071,PROD006,2026-01-28,$280.01,2,PayPal,Completed
7f5c3ba4-abb8-4fb0-87e3-1c861805783a,CUST071,PROD004,2026-02-12,467.7,1,   CrEdIt CaRd   ,Completed
39ea5e00-eb6a-4c93-8a5a-bb06a5316f00,cust071,PROD009,2026-07-04,,2,Credit Card,Completed
b7824f45-3cc8-499e-adac-92d96eaa55ab,CUST071,PROD010,2026-05-21,77.0,1,PayPal,Completed
2fcaa519-20d2-44b5-944f-9e84cf2474f3,CUST071,PROD010,2026-04-20,77.0,1,   CrEdIt CaRd   ,Completed
18892324-28c2-426b-abe3-b0c53b6f02b4,CUST071,PROD009,2026-07-18,,3,Bank Transfer,Completed
41cafe4f-aa5e-4be9-8c21-e58517959532,CUST071,PROD004,2026-01-22,467.7,2,Credit Card,Completed
bb8cd05f-3e0d-4517-af42-4a9d82e6c014,CUST071,PROD010,2026-06-12,77.0,1,Credit Card,Completed
8312a950-14b8-4db8-97f7-5c0094c95630,CUST072,PROD008,2026-03-09,237.46,1,Bank Transfer,Completed
162d157f-333a-436c-9b4c-05557cf4b150,CUST072,PROD008,2026-07-14,237.46,2,Bank Transfer,Completed
fae98a14-66e7-4142-b00d-87d36a4053a7,CUST072,PROD005,2026-03-11,158.38,2,PayPal,Completed
64e6b03d-6927-43ba-83bd-7c169c0adf8a,CUST072,PROD002,2026-02-17,204.84,,Credit Card,Completed
ccc22a99-5af9-42e7-9d70-deba8ea48b97,CUST072,PROD006,2026-01-22,280.01,2,Credit Card,Completed
336ea012-e79f-4118-9c74-25840eece953,CUST072,PROD006,2026-07-17,280.01,2,Credit Card,Completed
92d047ad-46cc-4a87-9a1c-bbfa99fbe1f2,CUST072,PROD007,2026-05-23,181.57,2,Credit Card,Completed
5cd4eff6-cd90-4767-98a5-70101a570560,CUST072,PROD006,2026-06-27,280.01,2,PayPal,Completed
f0611e8a-6771-454a-bbfe-3038beab724e,CUST072,PROD004,2026-05-09,467.7,1,Bank Transfer,Completed
4edba43f-e5c6-4cdd-851f-ef7080e77c81,CUST072,PROD005,2026-07-08,158.38,1,Bank Transfer,Completed
d71ac075-55d9-4018-9578-65586a84da09,CUST072,PROD001,2026-04-20,90.71,,Bank Transfer,Completed
3af1339b-2154-480d-9412-ac521c14f4d5,CUST072,PROD010,2026-06-22,77.0,3,Bank Transfer,Completed
acaadacc-9efe-475d-8ceb-9d793e3946f2,CUST073,PROD007,2026-06-02,181.57,3,Bank Transfer,Completed
2c140cea-4aaa-4fc5-a1fd-dc8a4309d2d1,CUST073,PROD009,2026-06-09,,2,Credit Card,Completed
9e0eb1df-019b-4e46-9dc7-774265782c82,CUST073,PROD005,2026-04-21,158.38,1,   CrEdIt CaRd   ,Completed
8e80012a-d5a0-4654-bc4d-8d996f7230d3,CUST073,PROD010,2026-01-20,,2,Credit Card,Completed
0da9673a-cd38-43a0-acf0-adbe7a3a8988,CUST073,PROD009,2026-07-12,,,Credit Card,Completed
175bdd98-3c2e-471a-931d-b7edf974a276,CUST073,PROD010,2026-05-18,,1,Credit Card,Completed
d2118ba3-d7b9-4ae8-bd20-553b39614961,CUST073,PROD005,2026-03-16,158.38,1,PayPal,Completed
fd0c611f-b388-4348-88ef-b34a684b8cc7,CUST073,PROD007,2026-05-20,181.57,2,PayPal,Completed
04b32c92-8c64-428a-8fae-ebf4742e826a,CUST073,PROD003,2026-03-04,352.06,2,PayPal,Completed
3d878168-a0c2-49f7-91c2-35fc48eaf371,CUST073,PROD003,2026-04-09,352.06,,   CrEdIt CaRd   ,Completed
38613574-095a-4fd4-adc4-c60b429e6fe7,CUST073,PROD006,2026-03-16,280.01,2,PayPal,Completed
a3e7d53c-9cec-4825-b2af-127d3dd91f87,CUST073,PROD008,2026-02-23,237.46,1,Credit Card,Completed
9c622971-ede3-4dbe-8044-fc047e482b63,CUST073,PROD008,2026-02-03,237.46,3,Credit Card,Completed
6b1dd26c-40d0-40e6-8a8c-28b0380de900,CUST073,PROD003,2026-05-25,,1,PayPal,Completed
6302bf68-d78a-4c34-bb33-13850291610d,CUST073,PROD010,2026-03-08,77.0,1,   CrEdIt CaRd   ,Completed
ec73f8e6-dbc8-467c-b574-ab4393c05e04,CUST073,PROD005,2026-02-10,158.38,2,Credit Card,Completed
a46d0b6d-0deb-4a9e-a5c6-be2f413cdbf9,CUST074,PROD008,2026-03-19,237.46,1,   CrEdIt CaRd   ,Completed
d1f42851-4e6f-41e1-a793-ab63f02da21c,CUST074,PROD001,2026-04-07,,2,Credit Card,Completed
dcfbc025-4691-493c-a2f0-7831538b3fc3,CUST074,PROD002,2026-03-21,204.84,2,Credit Card,Completed
1e9c69b5-5c5b-437e-a9fe-dc8f3350c9ae,CUST074,PROD009,2026-07-07,,two,PayPal,Completed
de51537d-19fe-4eda-bd1c-5d9a82727150,CUST074,PROD007,2026-05-10,181.57,3,PayPal,Completed
b9af0c4a-a002-447f-a3e2-51ac0a063165,CUST074,PROD004,2026-04-10,467.7,1,   CrEdIt CaRd   ,Completed
61cf0eeb-54e1-4f42-92ee-067f6dce4d8e,CUST074,PROD010,2026-05-19,77.0,1,PayPal,Completed
6602f446-46b7-476f-842f-b986c5b38800,CUST074,PROD002,2026-03-01,204.84,1,Credit Card,Completed
2a6d038d-7941-4748-b184-e3ba8d2bb1d1,CUST074,PROD005,2026-06-19,158.38,1,Bank Transfer,Completed
70b6e2d7-e63b-4bc2-8088-4454fc84630e,CUST074,PROD008,2026-07-15,237.46,3,Credit Card,Completed
0c044294-2489-4dd5-ad97-67f4cdb3d531,CUST074,PROD002,2026-03-31,204.84,3,   CrEdIt CaRd   ,Completed
29ea1622-ad76-41c8-b3f4-95cf5de4b8f3,CUST074,PROD006,2026-06-17,280.01,2,Bank Transfer,Completed
12b78a41-5959-4d9a-8cea-14e9080af44e,CUST074,PROD010,2026-01-21,77.0,two,Bank Transfer,Completed
481c7af3-bc69-4b5d-8950-4da12ea68957,CUST074,PROD008,2026-01-24,237.46,3,Bank Transfer,Completed
d9e6f2cf-c538-4940-8933-1c7016562652,CUST074,PROD009,2026-01-27,,2,Credit Card,Completed
0fe2d607-5137-4d56-b764-416ac5cbacec,CUST074,PROD008,2026-05-14,237.46,2,Credit Card,Completed
29d097be-9246-4e2e-913d-abe1c2dcae7c,CUST074,PROD005,2026-03-29,158.38,1,Credit Card,Completed
3de7c358-b70b-4f62-973c-5fe015fa750c,CUST075,PROD005,2026-05-09,158.38,1,Credit Card,Completed
2dd0da3e-1a77-4c92-8728-b54a8ebcf284,CUST075,PROD009,2026-01-31,,1,Credit Card,Completed
a727b9bf-feb3-458b-aa2d-0cbb7f5e52cd,CUST075,PROD007,2026-07-08,181.57,1,Bank Transfer,Completed
5ce6c86e-35d2-47da-be84-1e6b7b62f8de,CUST075,PROD009,2026-05-28,,2,Credit Card,Completed
30b08b24-eec2-46ba-87bd-d654d6e8bcb9,CUST075,PROD005,2026-01-25,$158.38,1,Bank Transfer,Completed
ac0f4692-e170-4c9c-b263-137eb4479750,cust075,PROD003,2026-05-04,352.06,3,   CrEdIt CaRd   ,Completed
4044eea8-9438-4450-911a-1fb73182ec29,CUST075,PROD005,2026-02-14,158.38,3,   CrEdIt CaRd   ,Completed
8ceaee64-0503-4776-a9dc-d1bf967aebbb,CUST075,PROD002,2026-06-27,204.84,1,   CrEdIt CaRd   ,Completed
f3574d77-22a8-4e90-9de2-ee59802a663b,CUST075,PROD002,2026-06-10,204.84,2,PayPal,Completed
cafde08c-1eb8-4103-912a-117cebcc0699,CUST075,PROD001,2026-02-12,90.71,2,Bank Transfer,Completed
e982551b-edf9-4a41-942e-31fb36d33c35,CUST075,PROD010,2026-02-04,77.0,,PayPal,Completed
9c682575-24b5-4a9b-ae77-29326e6150a1,CUST075,PROD002,2026-05-13,204.84,3,Credit Card,Completed
68f929b7-9126-4b73-85e6-72165286d13d,CUST075,PROD010,2026-05-02,$77.0,1,Credit Card,Completed
ef9405dd-7b5d-4625-94c2-ff1a4ea90d5c,CUST075,PROD003,2026-05-23,352.06,3,Credit Card,Completed
2a64579b-bb34-41b8-811e-4325a7acd552,CUST075,PROD010,2026-05-19,77.0,3,Bank Transfer,Completed
3dfa8338-0bb3-401b-b8a3-63a509ab1b05,CUST075,PROD002,2026-02-27,204.84,1,Credit Card,Completed
55aa678f-0a1c-4b15-a1b9-02a1458ccd38,CUST075,PROD001,2026-02-08,90.71,,Credit Card,Completed
a704e5db-ecb9-4e9c-8ce8-c8322932b637,CUST075,PROD001,2026-06-04,90.71,2,PayPal,Completed
2f7f5afa-bdee-4303-a728-59cbe2a7fbe6,CUST075,PROD006,2026-04-01,280.01,3,PayPal,Completed
1581a959-0fa7-43dc-bd4f-59298ab98217,CUST075,PROD005,2026-01-25,158.38,3,Credit Card,Completed
8ccba4c4-3c21-4af8-a4b5-130fead3da26,CUST076,PROD005,2026-02-25,$158.38,1,   CrEdIt CaRd   ,Completed
2f3e2870-1310-434f-b283-b5faae9dc105,CUST076,PROD003,2026-04-02,352.06,3,PayPal,Completed
a6089d5d-9da3-49f3-a849-8a7b795ec6da,CUST076,PROD006,2026-05-29,280.01,2,   CrEdIt CaRd   ,Completed
7887f855-5845-4df5-8a37-c7d7f712b517,CUST076,PROD003,2026-05-24,,2,PayPal,Completed
8eda5d86-3b32-48e3-a3c8-98281efbf994,CUST076,PROD003,2026-01-26,,1,Credit Card,Completed
00a1fe4e-a0c1-4182-bd16-efe46201b82c,CUST076,PROD004,2026-04-03,467.7,3,   CrEdIt CaRd   ,Completed
7b0a8b52-8a50-4017-8521-34ed0396fd18,CUST076,PROD008,2026-01-22,237.46,1,Bank Transfer,Completed
b3cdda24-1df1-4c5f-a7e7-914a269626f7,CUST076,PROD008,2026-03-24,237.46,3,PayPal,Completed
c624256a-5d73-47d9-af6d-0cec3faaffeb,CUST076,PROD010,2026-03-22,77.0,1,   CrEdIt CaRd   ,Completed
24dea29e-22d6-4886-aad1-68017a200b07,CUST076,PROD008,2026-05-17,237.46,1,PayPal,Completed
21af0c16-e632-48ce-bbf1-001c554985fc,CUST076,PROD005,2026-06-03,158.38,1,   CrEdIt CaRd   ,Completed
40f46d01-6657-49d6-8f8d-e680b56b63a8,CUST076,PROD008,2026-05-13,237.46,1,Credit Card,Completed
302c98ff-e684-4542-9ab9-3774864745f5,cust076,PROD002,2026-06-29,204.84,3,Bank Transfer,Completed
8e9136e9-0b3a-4cf1-97cd-cd83ea4fe2f1,CUST076,PROD002,2026-02-02,204.84,3,   CrEdIt CaRd   ,Completed
c32cc823-051f-4f83-b7f1-7b7c391fb933,CUST076,PROD007,2026-02-03,181.57,,Credit Card,Completed
b5e14426-6bf4-455c-81d3-cc01f1583b40,CUST076,PROD006,2026-07-17,280.01,1,PayPal,Completed
177df420-147a-4ca0-bb18-f895f0c9232a,CUST076,PROD008,2026-06-19,237.46,2,Bank Transfer,Completed
62f22810-4550-4d00-9f07-709c9fdf61b3,CUST076,PROD007,2026-04-12,181.57,1,Bank Transfer,Completed
155eaf55-f6ce-4ecd-bc3b-00c1e142701a,CUST077,PROD010,2026-07-16,77.0,1,PayPal,Completed
78ad6b6c-4452-4e5a-b28f-e8cd6a73a830,CUST077,PROD001,2026-06-08,90.71,1,Bank Transfer,Completed
f3661874-1769-41e5-9d19-f5b0fbba6e4f,CUST077,PROD003,2026-01-24,352.06,3,Bank Transfer,Completed
215de28c-9a4c-4cec-ad00-9177d5c2ec98,CUST077,PROD003,2026-03-15,,3,PayPal,Completed
bb08630d-8670-4392-a4dd-156850a01c51,CUST077,PROD008,2026-03-17,237.46,2,Bank Transfer,Completed
163e27f2-da86-4450-83fc-3a56d7504e97,CUST077,PROD006,2026-06-21,280.01,1,Credit Card,Completed
6f2e2790-9389-437c-9d66-fac37da93d66,CUST077,PROD006,2026-03-27,280.01,2,   CrEdIt CaRd   ,Completed
51827511-1e1e-4230-9256-adc2987e0d4a,CUST078,PROD010,2026-02-04,77.0,1,PayPal,Completed
f3a7ef82-2943-4eee-bf87-7b367309b5c8,CUST078,PROD007,2026-04-23,181.57,3,PayPal,Completed
3b04b5a9-3b7e-407d-bb60-0135f1888d78,CUST078,PROD006,2026-02-22,,3,PayPal,Completed
22fc192a-042e-4dc7-bbd3-4714fabec189,CUST078,PROD008,2026-04-15,237.46,3,Bank Transfer,Completed
65af8bb6-0190-434b-9716-61b04cfc7ab9,CUST078,PROD009,2026-03-07,,3,   CrEdIt CaRd   ,Completed
d941076e-1c9b-4629-bcb1-f3b869982d6d,CUST078,PROD008,2026-06-22,,2,   CrEdIt CaRd   ,Completed
1ddff1af-ca95-41d2-beb6-b375bc26fd14,CUST078,PROD006,2026-03-25,280.01,2,PayPal,Completed
5a7fde56-4ed6-4911-b758-1e1a6606a648,CUST078,PROD004,2026-02-12,467.7,2,PayPal,Completed
974c9463-afbf-4cda-bc4f-c8b65308722f,CUST078,PROD004,2026-03-28,467.7,1,PayPal,Completed
21e3111b-3c31-4d4a-b30c-4122135e3011,CUST078,PROD008,2026-02-22,237.46,3,   CrEdIt CaRd   ,Completed
5008251e-b7f2-4eb3-b5bc-1979c6f36c43,CUST078,PROD010,2026-04-24,77.0,2,   CrEdIt CaRd   ,Completed
10e0036f-f2cf-4ac1-8765-6b0da411533a,CUST078,PROD006,2026-04-13,280.01,3,   CrEdIt CaRd   ,Completed
d20cca3e-5da4-49ef-a34b-09c03323871a,CUST078,PROD003,2026-05-12,,3,Credit Card,Completed
0e3d5a97-714c-4f38-aef0-dde4ae59c875,CUST078,PROD006,2026-01-31,$280.01,1,   CrEdIt CaRd   ,Completed
a808d3b0-4d9a-4d80-92e1-ccf75d29bc26,CUST078,PROD003,2026-05-06,352.06,1,   CrEdIt CaRd   ,Completed
ef183748-c909-4fa6-9f62-efcf76419589,CUST078,PROD001,2026-04-14,90.71,1,Credit Card,Completed
0ad2ec64-b299-4e3e-9f2d-0093729aff1e,CUST079,PROD006,2026-05-23,280.01,2,Credit Card,Completed
01226dc7-9808-4f98-9308-543558c19562,CUST079,PROD007,2026-05-07,181.57,1,Bank Transfer,Completed
a7452e37-20ee-4c74-8b5b-11392f19a8bd,CUST079,PROD004,2026-06-11,467.7,3,Credit Card,Completed
90c0057a-0831-450b-89cd-fcf26f422d84,CUST079,PROD007,2026-07-17,181.57,2,   CrEdIt CaRd   ,Completed
ef004743-ee18-4a9e-ac4e-763cd1eb15e1,CUST079,PROD005,2026-07-14,158.38,1,PayPal,Completed
4f197cc6-0b8b-4955-aa6d-f5ad1e20fdd9,CUST079,PROD002,2026-03-13,204.84,2,PayPal,Completed
1e37dfb4-e930-4de7-bcf9-120d1c9e0052,CUST079,PROD003,2026-03-27,99999999,3,   CrEdIt CaRd   ,Completed
9cba9467-f3ff-49ae-9685-c32397fd00f1,CUST079,PROD010,2026-06-26,77.0,3,   CrEdIt CaRd   ,Completed
f8a57637-c24b-4285-8710-82f3ba43c7d0,CUST079,PROD009,2026-05-25,,3,Bank Transfer,Completed
b0919501-7a7e-40d5-b27c-47675e10dd20,CUST079,PROD008,2026-06-05,237.46,1,PayPal,Completed
d91e563b-9643-4827-be22-c7508421c0cb,CUST079,PROD003,2026-05-11,352.06,1,Credit Card,Completed
1b527b75-dc5c-4324-9599-dfb55dccbf5b,CUST079,PROD007,2026-01-29,181.57,3,PayPal,Completed
6992982d-8fab-473f-a5a4-ca9ea3ed5c0e,CUST079,PROD004,2026-02-07,467.7,,   CrEdIt CaRd   ,Completed
847d5a05-e725-42d9-b363-2ee2c5caf826,CUST079,PROD002,2026-03-03,204.84,1,Credit Card,Completed
3f2d22b7-6b50-4f41-8da6-921c9328200e,CUST079,PROD010,2026-06-15,77.0,two,   CrEdIt CaRd   ,Completed
922c8b10-d25f-4309-acf0-b75765c043ad,CUST079,PROD002,2026-04-07,204.84,1,   CrEdIt CaRd   ,Completed
0cdddfe5-a0be-46cd-88e4-bd20325d7f08,CUST079,PROD008,2026-01-22,237.46,3,Credit Card,Completed
59c1e214-1fcd-4c65-873a-7f8584627d4e,CUST079,PROD005,2026-07-02,158.38,2,   CrEdIt CaRd   ,Completed
7d4e5abd-7a8d-4fb6-b20f-b9f76d5c3165,CUST079,PROD006,2026-04-28,280.01,1,   CrEdIt CaRd   ,Completed
ad8748ff-d8dc-4547-a9d7-185b2ec0517e,CUST079,PROD004,2026-06-03,467.7,2,PayPal,Completed
186fcdd5-8eb9-4f60-8bca-7d2da0520413,CUST080,PROD006,2026-04-28,280.01,2,PayPal,Completed
19c7441e-7cb8-4184-b25d-ea0f6e1e38cb,cust080,PROD008,2026-07-05,237.46,2,Bank Transfer,Completed
7f5638fb-65e6-4007-a6ed-1803405d9b14,CUST080,PROD010,2026-04-11,77.0,2,Credit Card,Completed
18f0b16c-f736-47ac-9545-6a7a48050a38,CUST080,PROD005,2026-06-04,158.38,1,Credit Card,Completed
1a07ec8b-7654-469f-9f02-7ec4634a7829,CUST080,PROD001,2026-05-05,90.71,3,Bank Transfer,Completed
89f6f856-0c6c-4fe7-8079-ce6fed752ece,CUST080,PROD005,2026-03-30,158.38,2,Credit Card,Completed
776668b9-4046-49eb-add0-94804c1f0c2d,CUST080,PROD009,2026-07-04,,1,Credit Card,Completed
3a810c37-8ae3-49d8-89e3-2b102945d1e9,CUST080,PROD004,2026-06-09,467.7,3,Bank Transfer,Completed
9a6cf40f-7010-4c60-89e9-55b7d93dd8fa,CUST080,PROD003,2026-05-28,352.06,3,Bank Transfer,Completed
649b0ed4-00fa-4cb5-ab55-75852576ff99,CUST080,PROD007,2026-04-12,181.57,1,Bank Transfer,Completed
7e5daea3-a8b9-4111-b8dc-f8affa879b13,CUST080,PROD006,2026-05-02,$280.01,1,Bank Transfer,Completed
4e2d829c-1b9a-4b1b-8ae7-190f24866b5b,CUST080,PROD009,2026-03-01,,1,Credit Card,Completed
9faf6316-41af-4cec-9263-a7fe1d9d64cc,cust080,PROD010,2026-06-21,77.0,3,PayPal,Completed
b3f52c7c-5b12-4591-9a4f-62d92d447bd2,CUST080,PROD010,2026-03-07,77.0,2,PayPal,Completed
8662abf4-fd8c-49d7-8801-a6b01d03c565,CUST080,PROD001,2026-04-22,90.71,3,PayPal,Completed
a455135f-8e80-4d0a-aecf-15b5fe363c21,CUST080,PROD005,2026-03-15,158.38,1,Bank Transfer,Completed
6d4e17ec-f219-418e-a75b-ce9fd12b643f,CUST080,PROD003,2026-02-28,352.06,,   CrEdIt CaRd   ,Completed
d7e38081-d7d7-4020-8c14-1176422231e5,CUST080,PROD007,2026-04-27,181.57,3,PayPal,Completed
a3f8ea70-afca-40b5-a955-3a8c6cea7815,cust080,PROD005,2026-04-07,158.38,2,PayPal,Completed
2c286d15-e828-45f3-ad50-3900718866b0,CUST081,PROD002,2026-04-04,204.84,3,Bank Transfer,Completed
43f899f2-0d2d-4e86-9d3b-f114b723b6b8,CUST081,PROD009,2026-02-10,,two,PayPal,Completed
237b08a5-483c-4b6e-8fef-f570243e643e,CUST082,PROD001,2026-07-05,90.71,2,   CrEdIt CaRd   ,Completed
c7b6df3f-a035-4a4a-acc6-125132b05a6f,CUST082,PROD010,2026-03-06,77.0,3,PayPal,Completed
6fe277fd-6857-4beb-ba39-377909b8446f,CUST083,PROD005,2026-04-03,158.38,2,Bank Transfer,Completed
c9bc57ed-5f4a-46f9-9bad-cead610536c7,CUST083,PROD001,2026-07-17,90.71,2,Bank Transfer,Completed
52a062cf-680b-40c9-adae-7502550fcfb6,CUST083,PROD009,2026-05-31,,3,Credit Card,Completed
0550a13c-3ddb-4dc5-8419-920df8c17c49,CUST084,PROD010,2026-05-01,77.0,3,Bank Transfer,Completed
3348fecb-ca1b-47de-96ce-bb6cabce47db,CUST084,PROD003,2026-06-06,352.06,2,PayPal,Completed
120b1b2d-99e2-45e0-9641-3cc9aa8d2433,CUST084,PROD004,2026-03-26,467.7,3,Bank Transfer,Completed
8107e9fc-a23b-4321-8f37-a33d64321e17,CUST084,PROD010,2026-05-25,77.0,1,PayPal,Completed
06ebcf72-d502-4619-83d0-6dd10cacd69d,CUST084,PROD008,2026-02-28,237.46,3,PayPal,Completed
216eb2d5-3947-4391-8b93-f392318f66dc,CUST084,PROD010,2026-03-08,77.0,2,Credit Card,Completed
126f7c98-8864-41fe-b893-93fea8db9a38,CUST084,PROD005,2026-05-28,158.38,3,   CrEdIt CaRd   ,Completed
325aa9ff-57cf-4aab-aadb-0357bf3c3f12,CUST084,PROD004,2026-05-04,467.7,2,   CrEdIt CaRd   ,Completed
06d4d900-9ff7-4e53-90bb-bb038b001de8,CUST084,PROD009,2026-06-15,,two,Credit Card,Completed
91f1851f-0289-4966-94ca-8ecdab94d2ad,CUST084,PROD007,2026-01-20,181.57,,   CrEdIt CaRd   ,Completed
438b9316-55e1-4445-a402-5a2d56a95eeb,CUST084,PROD008,2026-03-19,237.46,3,Bank Transfer,Completed
3d2e54e5-3f9e-4423-961b-a1fdb6df51ca,CUST085,PROD009,2026-02-14,,3,   CrEdIt CaRd   ,Completed
df2c7f4a-9666-4e18-beb6-8dbe7ce011d4,CUST085,PROD004,2026-02-10,467.7,3,Credit Card,Completed
244a4363-06c4-4587-83c1-b80fc68f9678,CUST085,PROD010,2026-03-04,$77.0,3,PayPal,Completed
60193616-208b-4d54-b58c-5a54515487ee,CUST085,PROD001,2026-06-06,90.71,3,   CrEdIt CaRd   ,Completed
7f31effc-228c-4a97-a5d4-75f54163f3b4,CUST085,PROD010,2026-04-08,77.0,2,Credit Card,Completed
aa43ce49-e4fc-4527-9b41-e70b2148db5a,CUST085,PROD008,2026-05-27,237.46,2,PayPal,Completed
8876c769-b61e-42cc-8b9d-54b4d0e46141,CUST085,PROD005,2026-06-04,158.38,1,Credit Card,Completed
b70441e0-a4cd-4ab2-a56f-e67aa5de7b6f,CUST085,PROD010,2026-06-17,77.0,3,Bank Transfer,Completed
faca61e5-3c0c-46af-aca1-596ccd86fd52,CUST085,PROD008,2026-04-16,237.46,2,Bank Transfer,Completed
5b449a2b-1676-434c-824a-320cb2d04b4c,CUST085,PROD010,2026-03-28,77.0,2,Bank Transfer,Completed
57dec9d8-1e9c-4f3b-87ff-5d4a9e597569,CUST085,PROD007,2026-05-28,181.57,2,Bank Transfer,Completed
0a03eb44-00b4-4e9f-9b0b-ea6ae1130800,CUST085,PROD005,2026-07-06,$158.38,1,Credit Card,Completed
ed2266b6-35a2-484d-ab15-8f7f62900259,CUST086,PROD008,2026-03-18,237.46,1,Credit Card,Completed
cf453a16-4871-48f2-be1b-8e84101e94ff,CUST087,PROD009,2026-03-07,,2,Credit Card,Completed
f5048564-c068-41be-8695-1483ab46c2db,CUST087,PROD004,2026-05-20,467.7,2,Credit Card,Completed
6dc9c2a2-2bb4-41bc-97e6-e7970121c2c9,CUST087,PROD003,2026-05-26,352.06,3,Credit Card,Completed
1abfc34e-90d5-46cc-8bf4-092821f3faea,CUST087,PROD006,2026-05-01,280.01,3,   CrEdIt CaRd   ,Completed
df43f01c-ad3c-46e4-a700-1eac447fd82b,CUST087,PROD003,2026-04-22,352.06,,PayPal,Completed
e18a3ca2-62ef-44c2-aa0c-7726db8eee4f,CUST087,PROD007,2026-07-10,181.57,1,   CrEdIt CaRd   ,Completed
3c51c6a0-8c8d-4648-9d3e-ff9377fd4002,CUST087,PROD003,2026-05-27,352.06,3,   CrEdIt CaRd   ,Completed
9ab92023-9387-43f7-9ae9-25104e964e69,CUST087,PROD004,2026-02-01,467.7,3,PayPal,Completed
3270fbe4-610a-40e2-a407-98eae310e446,CUST087,PROD003,2026-02-19,352.06,1,   CrEdIt CaRd   ,Completed
a8fbd1d3-fabd-4176-9783-94f94ffb9c63,CUST088,PROD010,2026-04-10,77.0,1,Credit Card,Completed
11d4443b-7b54-4e6b-b30c-8d2faf0fdcf7,CUST088,PROD004,2026-03-18,467.7,1,Bank Transfer,Completed
b79ee1fa-b20e-4fd2-a29b-615d225ed1f4,CUST088,PROD009,2026-02-19,,3,PayPal,Completed
bf8db2e2-26a6-4adb-a67e-d0f2faf48bfb,CUST088,PROD008,2026-07-13,237.46,2,   CrEdIt CaRd   ,Completed
36854a29-cbe9-48eb-a143-d038a046e4f2,CUST088,PROD002,2026-02-06,204.84,1,Bank Transfer,Completed
b9fb1df7-6ba5-48ae-92a8-1e5dde97c0c2,CUST088,PROD010,2026-04-09,77.0,1,PayPal,Completed
d660c213-03c6-4e49-a328-953debf7ace2,CUST088,PROD009,2026-03-09,,2,   CrEdIt CaRd   ,Completed
c63b8152-c598-4bec-8fe3-b67b95b0f02d,CUST088,PROD001,2026-05-07,90.71,2,PayPal,Completed
0d63948e-70c5-478b-adc1-ab301d630de3,CUST088,PROD003,2026-07-10,$352.06,3,PayPal,Completed
b6d0c938-daaa-4db5-b097-0de716387403,CUST089,PROD005,2026-04-15,158.38,2,Bank Transfer,Completed
e0e29ff7-5460-4970-804f-46a3e35a2d4e,CUST089,PROD005,2026-04-18,158.38,3,PayPal,Completed
388cae24-ba40-46f1-9423-90409dbbec08,CUST090,PROD002,2026-06-12,204.84,3,   CrEdIt CaRd   ,Completed
b218747f-91ea-451d-bb8f-b7fa4e2d0ff0,CUST090,PROD005,2026-03-12,158.38,2,Bank Transfer,Completed
a9926e41-fd20-43ea-9285-f3d04ecab426,CUST090,PROD010,2026-06-22,77.0,2,Credit Card,Completed
f16a60c2-ea4a-42aa-9e51-ee69571d10ee,CUST090,PROD008,2026-05-05,237.46,1,PayPal,Completed
97143211-56a5-4549-bb8d-d0a2238b7602,CUST090,PROD007,2026-05-14,$181.57,1,   CrEdIt CaRd   ,Completed
1aa40b46-5058-4297-bed4-dc1fc3308608,CUST090,PROD004,2026-03-08,$467.7,2,   CrEdIt CaRd   ,Completed
871dd7af-e1b6-47d7-8507-9f5bc056e2ae,CUST090,PROD010,2026-06-30,77.0,1,PayPal,Completed
3cf4f690-9f02-40fc-8d1e-a723cb308441,CUST090,PROD005,2026-02-03,$158.38,3,   CrEdIt CaRd   ,Completed
fdf43dcd-2563-48b3-858b-93370bbcb391,CUST090,PROD002,2026-02-27,204.84,3,   CrEdIt CaRd   ,Completed
f70d618b-155f-4fca-b34c-1de6822afd53,CUST090,PROD003,2026-01-24,$352.06,2,PayPal,Completed
3a34c0b0-2c1e-4673-b780-265f22f55fe8,CUST090,PROD001,2026-02-17,90.71,1,   CrEdIt CaRd   ,Completed
276161f5-600b-4892-9df2-9ac3ba78399c,CUST090,PROD001,2026-06-09,90.71,2,Credit Card,Completed
1a81470c-e8b5-4c22-985d-f32d3fe9a706,CUST090,PROD005,2026-04-18,158.38,2,Credit Card,Completed
b5dc912e-6765-4a03-9e7d-07bd5a36d7ec,cust090,PROD002,2026-05-25,204.84,2,PayPal,Completed
257a0389-0782-4809-a3cf-bf64653ebcec,CUST090,PROD007,2026-05-29,181.57,2,   CrEdIt CaRd   ,Completed
a5e2e116-30ff-4879-a4bf-5cec841c6fae,CUST090,PROD010,2026-03-02,77.0,3,   CrEdIt CaRd   ,Completed
dbd144e6-f772-4967-b96a-cf6abbaaabb5,CUST091,PROD007,2026-03-21,181.57,3,   CrEdIt CaRd   ,Completed
d5cf15a1-7541-451a-b213-ed0eca1282ba,CUST092,PROD008,2026-03-14,237.46,1,PayPal,Completed
838393f7-e221-4fa0-b0bb-7c569b41b186,CUST092,PROD007,2026-02-11,$181.57,2,Credit Card,Completed
7fb2aee8-265a-475e-a57f-f098b3c0b906,CUST092,PROD010,2026-02-02,77.0,2,Bank Transfer,Completed
a5771c50-dfe8-4318-aa31-6e024b5cc4f4,CUST092,PROD009,2026-05-11,,1,Credit Card,Completed
69f8f394-3817-4525-8278-0912135878a7,CUST092,PROD009,2026-03-21,,1,PayPal,Completed
01573767-59e6-4ec5-bb00-af8a28a23dde,CUST092,PROD005,2026-04-30,158.38,3,PayPal,Completed
1a023047-685f-4edd-b250-bcbc9241350c,CUST092,PROD005,2026-05-09,158.38,2,   CrEdIt CaRd   ,Completed
35dec7fa-aed4-42e0-b7aa-1936f63b0a71,CUST092,PROD003,2026-04-06,352.06,1,PayPal,Completed
3d947332-f689-4cf5-b479-dafdd7389f36,CUST093,PROD010,2026-04-06,,3,Credit Card,Completed
dbf04a1e-2d64-4691-980f-d1196d653bb6,CUST093,PROD010,2026-01-20,77.0,1,PayPal,Completed
5a54ffca-fc82-4e00-9bac-7e8cd820b077,CUST093,PROD001,2026-06-07,,3,PayPal,Completed
10706a83-5e20-442e-95a4-581401fb5d36,CUST093,PROD005,2026-02-13,158.38,1,Credit Card,Completed
1426fb59-c150-43f5-816c-88c452c893e6,CUST093,PROD010,2026-05-27,77.0,,Bank Transfer,Completed
0eb9acfa-af71-4d51-b426-a55d511ca003,CUST093,PROD007,2026-07-03,181.57,1,   CrEdIt CaRd   ,Completed
67e04864-c3a4-4d83-95f1-6494d09c3ace,CUST093,PROD004,2026-01-24,467.7,2,   CrEdIt CaRd   ,Completed
2edb9f72-2bf9-4d6d-b8f3-90147f2371d3,CUST093,PROD010,2026-06-05,77.0,3,PayPal,Completed
b7fc99d6-6fed-41dc-97fb-529609ef3f50,CUST093,PROD005,2026-01-31,158.38,3,Bank Transfer,Completed
e1c9074f-3acc-427b-8dd3-4f18c145152a,CUST093,PROD004,2026-01-28,467.7,3,   CrEdIt CaRd   ,Completed
c23158c9-e99d-40f9-bd6a-835075813100,CUST093,PROD009,2026-05-10,,3,Credit Card,Completed
d680f795-825d-4b89-8b82-40255c7143e3,CUST093,PROD008,2026-05-12,237.46,2,Bank Transfer,Completed
737b5136-edf0-4efd-bdc7-804385ded066,CUST094,PROD010,2026-03-14,77.0,2,   CrEdIt CaRd   ,Completed
5cf43197-9f6d-4cdc-a804-67d4d4555055,CUST095,PROD009,2026-06-22,,1,PayPal,Completed
6317a480-0b1d-4d7d-98ba-5f7abf8ef5e6,CUST096,PROD010,2026-07-09,77.0,2,Credit Card,Completed
deb74f61-3d3e-4961-8a1a-f0a3be44056c,CUST096,PROD005,2026-02-14,158.38,1,Bank Transfer,Completed
94b90d4f-dc2d-48a1-a1c2-3e3618cc99fb,CUST096,PROD002,2026-05-23,204.84,1,PayPal,Completed
81e8ea3f-e6e9-43ef-bac5-e1cdf46101e7,CUST097,PROD005,2026-05-20,158.38,1,Bank Transfer,Completed
942860bd-9c12-4cdb-81ec-4d2b6d1c7744,CUST097,PROD001,2026-06-04,90.71,1,PayPal,Completed
ee509fd9-4a61-42fe-80ac-cf50354360c8,CUST097,PROD003,2026-03-11,$352.06,1,PayPal,Completed
13c4dbb9-f356-4c04-9613-5bece2cab826,CUST097,PROD008,2026-06-05,99999999,2,Credit Card,Completed
7a6411b8-3ba7-4eca-80c4-510a6c3662ea,CUST097,PROD009,2026-05-24,,1,Credit Card,Completed
0854f0e7-ac60-444a-bc1e-3e74b86e3ebf,CUST097,PROD004,2026-03-14,467.7,1,Credit Card,Completed
5d75347f-84fc-4468-a946-97bb5b2676ea,CUST097,PROD003,2026-04-14,352.06,2,Bank Transfer,Completed
e71f4d7b-70c1-4a05-909d-62b669729eb1,CUST098,PROD002,2026-01-28,,2,Credit Card,Completed
ae36ff6a-968d-4d9a-b516-8d24e26662cf,CUST098,PROD008,2026-02-09,237.46,1,PayPal,Completed
7a6bdfa2-c84a-471b-9cba-56036e931d98,CUST098,PROD010,2026-07-03,77.0,2,PayPal,Completed
92eb39c1-e769-40b5-bdfb-ebb53def4ebc,CUST098,PROD008,2026-03-06,237.46,3,   CrEdIt CaRd   ,Completed
85684d8b-9a1a-42f0-a4d0-e2d5de0d7b66,CUST098,PROD005,2026-06-18,158.38,2,Bank Transfer,Completed
1b907e03-632b-4fec-86c1-710787d1f193,CUST098,PROD008,2026-02-22,237.46,2,Credit Card,Completed
2841b3f2-fab3-4c2b-bb89-67b7e4520403,CUST098,PROD008,2026-03-13,237.46,2,Credit Card,Completed
8c1d52d3-aee6-412d-988b-1b156d2d5a5d,CUST098,PROD003,2026-03-25,352.06,1,Credit Card,Completed
d2c32be0-f348-478f-9a16-b472193c7fbf,CUST098,PROD002,2026-05-11,204.84,3,   CrEdIt CaRd   ,Completed
9911a20b-be39-4726-bfd6-483b36b6e5ed,CUST098,PROD002,2026-06-27,204.84,two,   CrEdIt CaRd   ,Completed
a5f6002b-4cde-4942-b634-65f529f6a4ce,CUST098,PROD001,2026-03-24,90.71,3,Bank Transfer,Completed
9fe8504f-41f9-425a-a6c6-d658f06d845f,CUST098,PROD007,2026-03-28,181.57,1,   CrEdIt CaRd   ,Completed
1c432731-3074-4770-8c2e-ec47d74b6808,CUST098,PROD008,2026-02-18,237.46,2,   CrEdIt CaRd   ,Completed
14c1aa69-20ca-45da-a605-aed27b318b62,CUST098,PROD006,2026-04-13,280.01,2,   CrEdIt CaRd   ,Completed
4a80e33e-24ac-408b-b872-ffd76751e31d,CUST098,PROD009,2026-07-13,,1,Bank Transfer,Completed
c06e8565-768b-4455-bbc7-76b6f33199b6,CUST098,PROD004,2026-04-03,467.7,1,Credit Card,Completed
f830012f-c4af-47ad-b552-d94adedd3e8b,CUST098,PROD009,2026-02-24,,1,   CrEdIt CaRd   ,Completed
0114beb1-489d-4e4e-a375-8ab11eee5ba6,CUST098,PROD010,2026-05-22,77.0,2,Credit Card,Completed
0e843423-fdf8-4d3c-8399-408385e5dded,CUST098,PROD003,2026-03-06,,2,   CrEdIt CaRd   ,Completed
887035b8-bd74-40ab-a6c4-5b7d53a57ad7,CUST098,PROD007,2026-04-26,181.57,3,Credit Card,Completed
eda260e6-d940-4df0-8b9e-815416c1b7b9,CUST099,PROD008,2026-06-02,237.46,2,   CrEdIt CaRd   ,Completed
31e2a187-f254-4af3-ae96-f997d6320700,CUST099,PROD002,2026-06-04,204.84,2,PayPal,Completed
2b179105-972b-49f9-9b43-f98b728e150e,CUST099,PROD010,2026-06-22,77.0,1,Credit Card,Completed
577b096c-dd68-4b64-81a1-92435dcf1234,CUST099,PROD005,2026-06-14,158.38,3,   CrEdIt CaRd   ,Completed
ca6fddc3-a8af-45d0-9c34-de8e932fd7f7,CUST099,PROD007,2026-02-02,181.57,2,Credit Card,Completed
0c561065-cb9e-4676-b162-820ac13016e3,CUST099,PROD005,2026-02-04,158.38,2,Bank Transfer,Completed
ff68f4f1-07b6-435f-ac29-b421a9421d67,CUST099,PROD005,2026-06-06,158.38,3,PayPal,Completed
22152f0b-4e7b-4efb-8889-6b4215778814,CUST099,PROD001,2026-02-12,90.71,2,PayPal,Completed
654126fd-bc2e-43d3-a81f-8457eb5c7f3c,CUST099,PROD007,2026-04-07,$181.57,2,PayPal,Completed
994d1c9a-3de1-44f0-8ae4-de281ef514aa,CUST099,PROD008,2026-05-22,237.46,1,Credit Card,Completed
373c9d05-0ad7-498d-aecc-6c81eaacde50,CUST100,PROD009,2026-02-08,,3,   CrEdIt CaRd   ,Completed
3bd93f70-18c5-436c-996e-116fedd4a287,CUST100,PROD009,2026-07-01,,3,   CrEdIt CaRd   ,Completed
ed085ac3-7d69-484c-8ae4-14a8d9037937,CUST100,PROD010,2026-07-09,77.0,2,PayPal,Completed
5c52a74c-a616-49b2-abe2-eeaa289ba1df,CUST100,PROD008,2026-06-21,237.46,,   CrEdIt CaRd   ,Completed
42f03b11-d137-4cea-9530-e82883392fa9,CUST100,PROD003,2026-07-02,352.06,3,Credit Card,Completed
59d11e89-7209-46e3-b9db-bb1d24336767,CUST100,PROD004,2026-06-28,467.7,3,Credit Card,Completed
2ebd3c4b-6654-4267-bc5d-55d28e4376eb,CUST100,PROD010,2026-04-12,77.0,2,Credit Card,Completed
e23e554f-b462-47d9-9dad-06527280b1f4,CUST100,PROD001,2026-04-02,90.71,1,   CrEdIt CaRd   ,Completed
864696fb-b801-45c9-af88-0f6dd5d77475,CUST100,PROD006,2026-04-14,280.01,1,Credit Card,Completed
6b81edce-433c-43bb-97f7-fedca1ae2135,CUST100,PROD006,2026-03-09,280.01,3,Bank Transfer,Completed
e33033cd-5104-4fe0-a191-8bf342ad3d28,CUST101,PROD009,2026-02-01,,2,Bank Transfer,Completed
ec732c72-2d93-4301-972e-9beb19dcfbe3,CUST101,PROD002,2026-03-20,204.84,3,PayPal,Completed
52e6ab84-d740-4b7c-9018-a8eb40db2081,cust101,PROD007,2026-03-13,181.57,2,Bank Transfer,Completed
26ea8e2a-07ea-45cc-b8c6-b2d7ffcdb342,CUST101,PROD002,2026-02-15,204.84,,Credit Card,Completed
5a6e4689-385f-4903-aeaa-bd84b4f900e3,CUST101,PROD006,2026-07-04,280.01,,PayPal,Completed
ff466090-3e72-4f87-936d-276ae8ea8e80,CUST101,PROD002,2026-05-25,204.84,1,Bank Transfer,Completed
8c804e96-094a-4e88-8779-40741575036c,CUST101,PROD008,2026-05-12,,3,Credit Card,Completed
68919aed-da54-498c-ab0a-e55f1053f6fb,CUST101,PROD006,2026-03-11,280.01,3,   CrEdIt CaRd   ,Completed
0a048370-a628-43a6-ab16-cb1543c8308d,CUST101,PROD004,2026-02-10,467.7,2,Bank Transfer,Completed
f49261ee-4447-4672-991d-d751df15ce16,CUST101,PROD008,2026-07-03,237.46,3,Bank Transfer,Completed
759dec0c-4672-4645-8e9d-6448645fd434,CUST101,PROD008,2026-06-02,237.46,2,PayPal,Completed
0981a952-84dc-44d5-adc4-c01557bb88c8,cust102,PROD010,2026-07-15,77.0,3,Bank Transfer,Completed
f794edcd-f10c-4873-96de-86e5509e80ee,CUST102,PROD010,2026-05-22,77.0,1,Bank Transfer,Completed
fea74b64-2325-44ec-b788-e998e9f2529d,CUST102,PROD006,2026-04-27,280.01,3,Bank Transfer,Completed
5a041630-fb94-4bbd-874d-94a1d5456572,CUST102,PROD008,2026-05-25,237.46,3,Bank Transfer,Completed
dfa431bb-ce42-4f8d-8746-7987da9bb56a,CUST102,PROD006,2026-06-27,280.01,1,Bank Transfer,Completed
1d0bef1f-0121-4db5-9aaf-cc85afeefa5c,CUST102,PROD004,2026-03-10,467.7,3,Bank Transfer,Completed
99505a0f-c6bf-4d63-9fa1-699c72e7ff89,CUST102,PROD001,2026-05-28,90.71,1,PayPal,Completed
b27a71b8-ac3f-47da-9a93-80be9a2e3ae1,cust102,PROD003,2026-04-23,352.06,1,   CrEdIt CaRd   ,Completed
92ff46fa-a53c-40c1-b71c-47f9ffaebd23,CUST102,PROD004,2026-05-01,467.7,1,Bank Transfer,Completed
ec2c96f3-fb5a-462f-9450-b1c7e005d107,CUST102,PROD004,2026-06-09,467.7,1,PayPal,Completed
c31a82b8-3044-4f24-a7e3-3b1e3fa703df,CUST102,PROD002,2026-03-15,204.84,2,PayPal,Completed
c4c5004d-41a2-4a63-8fbf-eab22a4ed4f1,CUST102,PROD003,2026-03-03,352.06,1,   CrEdIt CaRd   ,Completed
03b5d763-53dc-4bbd-84ef-78f5c0d83af7,CUST102,PROD001,2026-03-05,90.71,2,   CrEdIt CaRd   ,Completed
4a25b0ed-78dd-4bc7-b34a-936177f223b9,CUST102,PROD010,2026-01-21,77.0,1,Bank Transfer,Completed
4e886f0c-7283-4d4f-adc0-f3f9f6a4024b,CUST102,PROD010,2026-06-25,77.0,3,Credit Card,Completed
0927ed4b-7fac-496f-81f8-3caf84884ff4,CUST102,PROD002,2026-02-05,204.84,2,Bank Transfer,Completed
9d9ecf26-2886-4233-9c84-64d11ae84b66,CUST102,PROD005,2026-06-03,158.38,2,Credit Card,Completed
49d102e6-57f3-4c63-bd9b-e40e5f01bc5d,CUST102,PROD007,2026-04-09,181.57,1,Bank Transfer,Completed
4b542aff-d5b6-4927-9a14-8d5709e70443,CUST103,PROD009,2026-02-15,,3,   CrEdIt CaRd   ,Completed
26885ccc-1239-4324-8020-ba8d666998fb,CUST103,PROD007,2026-01-31,181.57,2,PayPal,Completed
3890daeb-41fd-4f83-a7c3-eaed6a2973ff,CUST103,PROD006,2026-05-22,280.01,3,   CrEdIt CaRd   ,Completed
033d1692-f0d1-4804-adb6-4e36751d9fd0,CUST103,PROD009,2026-06-12,,2,   CrEdIt CaRd   ,Completed
4d1062b7-e228-4a94-8d14-e94adde55bb1,CUST103,PROD005,2026-06-27,158.38,1,Bank Transfer,Completed
116501e5-0936-4872-9dbf-6dd51e82a79b,CUST103,PROD010,2026-03-19,77.0,2,Bank Transfer,Completed
9607102b-434f-49c3-bb54-fbe51403dadc,CUST103,PROD003,2026-01-31,352.06,2,Bank Transfer,Completed
5cf816f2-9215-4800-8911-b73d6bbfdd83,CUST103,PROD007,2026-06-21,181.57,2,Bank Transfer,Completed
ffab088b-f285-4171-b92b-ba6ef2e7a9f0,CUST103,PROD002,2026-05-25,204.84,3,Credit Card,Completed
a2e250ea-fdc6-4544-ab42-3b07c5e9c17e,CUST103,PROD009,2026-07-04,$nan,2,PayPal,Completed
695f1f12-6185-47ae-b8dc-5b54ce402d0b,CUST103,PROD005,2026-04-02,158.38,2,PayPal,Completed
6dab0063-96b4-405f-915c-33e2c9b2a279,CUST103,PROD001,2026-01-30,90.71,2,   CrEdIt CaRd   ,Completed
915ed3b6-cc7c-476e-af62-3b0bdba42ee1,CUST103,PROD006,2026-05-27,280.01,2,Credit Card,Completed
84686ce9-a30d-43c3-9d9d-99c9f102ef6e,CUST103,PROD007,2026-03-27,181.57,1,PayPal,Completed
73d31632-38b8-4f34-b1a7-8a1a846df649,CUST103,PROD008,2026-06-18,237.46,2,Bank Transfer,Completed
4209c700-1df2-4779-a51e-9436d98975da,CUST103,PROD006,2026-04-13,280.01,1,PayPal,Completed
0166c153-3504-47cc-83b0-7e5d32c9937e,CUST103,PROD006,2026-04-14,280.01,1,Bank Transfer,Completed
1105ac2e-5a79-4ba3-989b-e90bacc1b78c,CUST104,PROD003,2026-06-29,352.06,1,PayPal,Completed
f3dcee46-b202-4ec1-b44a-66a41a0e27a8,CUST104,PROD002,2026-04-22,204.84,2,PayPal,Completed
8611292b-6056-40d6-9de3-d1eb736a21d4,CUST104,PROD004,2026-07-10,467.7,,Bank Transfer,Completed
f533f10a-4609-45b9-8f2b-2f0fe209e60f,CUST105,PROD001,2026-04-02,90.71,1,Bank Transfer,Completed
5d9e2c1b-41d8-4a79-a894-c40cd08286f6,CUST105,PROD002,2026-06-18,204.84,1,Credit Card,Completed
52aa9eae-3818-4a00-864e-619f69218c71,CUST105,PROD001,2026-02-15,90.71,3,PayPal,Completed
7d5bf7cc-700a-4131-96dd-ac79c7314319,CUST105,PROD008,2026-03-11,237.46,2,Credit Card,Completed
7d127e00-dd30-443f-ad89-baaedd3cc715,cust105,PROD009,2026-06-23,,2,   CrEdIt CaRd   ,Completed
0714f371-8239-408d-b9d4-b362b52bbc42,CUST106,PROD010,2026-04-14,77.0,2,Bank Transfer,Completed
f579ec30-5a63-41bb-87a0-9bf0d2ad4085,CUST106,PROD003,2026-02-28,352.06,3,Bank Transfer,Completed
32981c94-d209-4c17-843e-31c1cd5f70b9,CUST106,PROD003,2026-05-17,352.06,3,Bank Transfer,Completed
1731b596-b3e1-4845-9363-8dfa17868b03,CUST106,PROD009,2026-02-17,,1,Credit Card,Completed
e9363dd6-70ab-4305-87a8-d8333e3dc83a,CUST106,PROD003,2026-04-14,352.06,1,PayPal,Completed
121a977d-9b01-4d41-9589-e1f604430564,CUST106,PROD008,2026-03-31,237.46,1,   CrEdIt CaRd   ,Completed
6669aaf8-4802-4b5b-9cba-f7229c335a67,CUST106,PROD010,2026-05-16,77.0,2,PayPal,Completed
9888417f-c6da-46d4-a037-becdaf10c85d,CUST106,PROD002,2026-03-28,204.84,3,PayPal,Completed
54fe87c6-3cac-4efa-8823-237476fcb925,CUST106,PROD008,2026-05-07,237.46,2,Bank Transfer,Completed
855d917b-bef0-473b-adb2-0d144d00a7b6,CUST106,PROD002,2026-04-19,204.84,3,   CrEdIt CaRd   ,Completed
2f18ef5b-d4a4-4054-9adf-5c776a4c9b8d,CUST107,PROD008,2026-06-26,237.46,3,Bank Transfer,Completed
f71609ea-34ec-42bc-b538-d326c72019ef,CUST107,PROD006,2026-03-07,280.01,3,Bank Transfer,Completed
95ddb40d-d43a-4a5c-a6bc-28f7b8db9915,CUST107,PROD005,2026-06-21,158.38,1,   CrEdIt CaRd   ,Completed
9f8dda58-f6a7-47e3-94ff-bc95b65ef8dc,CUST107,PROD002,2026-03-18,204.84,1,   CrEdIt CaRd   ,Completed
fea4018c-7999-4277-a23f-30819bbcc7f8,CUST107,PROD010,2026-07-10,77.0,1,PayPal,Completed
4ea249e8-1ba1-42fa-a7d9-0f029ddbfc57,CUST107,PROD005,2026-02-22,158.38,1,PayPal,Completed
6003ad1d-0bf6-4307-a23e-155a54922155,CUST108,PROD007,2026-07-15,181.57,2,   CrEdIt CaRd   ,Completed
882d1bca-c189-47dc-8618-e2cd3229e18e,CUST108,PROD009,2026-02-03,,1,Bank Transfer,Completed
6f4aff28-e796-4c4b-86ff-bad96137e8cb,CUST108,PROD006,2026-06-29,280.01,3,Bank Transfer,Completed
f1a26f19-44ec-4ba1-8eca-d9c680f20819,CUST108,PROD004,2026-06-18,467.7,2,Credit Card,Completed
5dce132d-9f90-448e-a533-a66db0cf114d,cust108,PROD005,2026-06-21,158.38,two,   CrEdIt CaRd   ,Completed
75d638dd-871e-4b5f-b540-c8f4ac293db2,CUST108,PROD008,2026-06-03,237.46,2,Credit Card,Completed
ccafba06-a430-4323-903b-dc7fdd609d95,CUST109,PROD005,2026-06-22,158.38,1,Credit Card,Completed
e7e607fd-cb21-4d9e-98f7-8603b4f309bf,CUST109,PROD007,2026-01-30,181.57,2,PayPal,Completed
46ce131a-afa5-464a-8095-a17c44169675,CUST109,PROD003,2026-03-11,352.06,2,Bank Transfer,Completed
e8eb0b39-fa2c-42aa-beee-618a774228df,CUST109,PROD005,2026-05-29,158.38,2,   CrEdIt CaRd   ,Completed
6ae3a7c2-6ea8-4a3f-9b18-ab2def7eccfc,CUST109,PROD005,2026-04-23,158.38,two,PayPal,Completed
1534bb46-e38e-43a3-b728-a21acecd4b0f,CUST109,PROD008,2026-04-19,237.46,3,   CrEdIt CaRd   ,Completed
06a09d57-bba0-4f54-a6fe-5f243580cf87,CUST109,PROD010,2026-05-31,77.0,3,Bank Transfer,Completed
16a5da91-566d-45db-a4ee-6cae5cb53cbc,CUST109,PROD006,2026-03-09,280.01,2,   CrEdIt CaRd   ,Completed
539c034f-e78b-4196-872e-560509059d50,CUST109,PROD006,2026-03-19,280.01,1,   CrEdIt CaRd   ,Completed
0260915c-e1af-454b-b8cf-fd0bbcfffb14,CUST109,PROD008,2026-07-06,237.46,3,   CrEdIt CaRd   ,Completed
f8d10b74-7a7d-4d3b-b427-15142d979a63,CUST109,PROD004,2026-03-16,467.7,1,Bank Transfer,Completed
0a0b501d-5d03-43b8-8412-71bc46c89b22,CUST109,PROD003,2026-03-24,352.06,2,PayPal,Completed
965b1a2b-5256-47de-aa7b-fc04c11add7d,CUST109,PROD008,2026-06-05,237.46,2,Credit Card,Completed
07a09907-617f-4f70-b424-24d30a0d2b75,CUST109,PROD005,2026-06-16,158.38,3,PayPal,Completed
1d450598-b47b-450b-ae19-5edac7ec9e95,CUST109,PROD006,2026-06-28,280.01,2,   CrEdIt CaRd   ,Completed
66184d36-d38f-4fb1-a5e5-aa406df28a7e,CUST110,PROD009,2026-03-17,,3,Credit Card,Completed
170c7f4e-a56d-4224-a1af-bae9906e06c2,CUST110,PROD004,2026-02-03,467.7,3,PayPal,Completed
cb5ad7f7-15b1-4426-acb1-c6cf5466e0c4,CUST110,PROD009,2026-04-08,,3,Credit Card,Completed
9440a115-a737-470f-a0ea-ac240dd8ed72,CUST110,PROD005,2026-03-20,158.38,,Credit Card,Completed
2db03a1f-598e-49ee-95a2-5ce885100cd7,CUST110,PROD008,2026-02-11,,2,Credit Card,Completed
72fa8d67-7396-43f4-a036-98877ad469a9,CUST110,PROD002,2026-02-17,204.84,1,Credit Card,Completed
591a25e6-828d-4a22-94f7-1c0ae39e0f4a,CUST110,PROD006,2026-05-08,280.01,1,   CrEdIt CaRd   ,Completed
f67fc79d-7d7b-46d1-b13c-862d50fd6391,CUST110,PROD008,2026-07-07,237.46,3,PayPal,Completed
d4a3f49a-fb1d-47f7-ac41-cfa684518ef1,CUST110,PROD005,2026-05-24,158.38,1,Bank Transfer,Completed
dd3ef809-34af-451c-8f42-33c275d8c0cf,CUST110,PROD001,2026-03-04,,3,Credit Card,Completed
fce854ac-47c3-400f-802e-41558a20ca0d,cust110,PROD008,2026-02-07,237.46,3,Credit Card,Completed
8a563caa-9ea6-4d36-8813-a17bd7e220d4,CUST111,PROD003,2026-03-04,352.06,3,Bank Transfer,Completed
d09fef1a-8dc4-4a48-84a2-2722d9ffaaa5,CUST112,PROD007,2026-05-06,$181.57,1,PayPal,Completed
2f79bc0e-1d24-4111-a972-3c64a763119e,CUST113,PROD009,2026-03-01,,3,Bank Transfer,Completed
8188291a-42eb-44b2-a821-161247238e5a,CUST113,PROD009,2026-06-09,,2,Bank Transfer,Completed
d16e448d-1c0a-4573-9cb0-46867b5d025c,CUST113,PROD004,2026-07-09,467.7,3,   CrEdIt CaRd   ,Completed
0d7608f4-9284-47cd-8817-51ceea8f1045,CUST113,PROD009,2026-06-07,,1,PayPal,Completed
310599cc-d79a-48e1-bd7f-b9b1e1b58489,CUST113,PROD001,2026-01-23,90.71,3,   CrEdIt CaRd   ,Completed
c1bce116-fa77-445f-bdbf-21b92a77fd51,CUST113,PROD008,2026-04-07,237.46,1,   CrEdIt CaRd   ,Completed
a17ef127-4607-4097-bd3b-63d7f09a7158,CUST113,PROD002,2026-04-23,204.84,3,PayPal,Completed
9be01193-f198-441f-8623-6c9427a64151,CUST113,PROD004,2026-03-29,467.7,2,   CrEdIt CaRd   ,Completed
15a0e40a-1031-47ae-9dbe-00022141de35,CUST114,PROD004,2026-03-24,,1,   CrEdIt CaRd   ,Completed
a6c06548-2342-4d00-aaad-345a1ab8f03d,CUST114,PROD006,2026-03-29,$280.01,2,PayPal,Completed
ab0587c5-14cf-4f69-97c3-db0988c28ec5,CUST115,PROD009,2026-02-07,,3,Bank Transfer,Completed
df559cb6-7b94-4e5f-9e7a-dc571f4ade9e,CUST115,PROD004,2026-07-17,467.7,1,PayPal,Completed
fdfc77e9-194c-4b98-bbfb-02eabb0fa783,CUST116,PROD008,2026-06-27,237.46,1,Bank Transfer,Completed
df4fc343-2551-44f8-94ca-38db620fffe5,CUST116,PROD005,2026-03-07,158.38,3,PayPal,Completed
02b3913d-2e72-4529-b25b-9dfdc6032cde,cust116,PROD009,2026-05-06,,3,Bank Transfer,Completed
0f1a45f2-afdb-48e1-b5fd-c22cec26096a,CUST116,PROD001,2026-07-06,90.71,3,   CrEdIt CaRd   ,Completed
52cb8a8c-d06f-4202-96be-79e73ec8beda,CUST116,PROD007,2026-06-08,181.57,2,Credit Card,Completed
60523fd3-7a00-4757-81bd-2a5c79de08b5,CUST116,PROD004,2026-05-30,,2,PayPal,Completed
e814498c-d59a-411b-a0f6-4bd33ae3dcff,CUST116,PROD004,2026-02-18,467.7,1,Bank Transfer,Completed
7267ea20-aabb-4715-830a-e2936aeae967,CUST116,PROD002,2026-03-04,204.84,2,PayPal,Completed
07f1b128-f617-495f-b3e4-b975b8fce78a,CUST116,PROD004,2026-02-09,467.7,3,   CrEdIt CaRd   ,Completed
ecc1ada0-56ef-4d1a-8ef5-577f911da773,CUST116,PROD010,2026-04-11,77.0,3,PayPal,Completed
63fe7105-8db1-413c-b26c-fb869535ce6b,CUST116,PROD006,2026-05-30,280.01,2,Credit Card,Completed
5c6799f0-2d5b-4167-a1bd-a19f1e70efb1,CUST116,PROD008,2026-05-09,237.46,2,Credit Card,Completed
6536cd9e-0c64-4219-99d1-8160d06d733f,CUST116,PROD004,2026-05-30,467.7,2,   CrEdIt CaRd   ,Completed
d3eeb3ba-61e0-40c8-adfa-6886b4926933,CUST116,PROD009,2026-04-11,,2,PayPal,Completed
b0db05cc-f569-4409-9d53-17070b43fa73,CUST116,PROD009,2026-03-16,,3,Bank Transfer,Completed
12ec50be-0556-4cfd-af14-c4459a60e4fa,CUST117,PROD001,2026-02-24,90.71,3,Bank Transfer,Completed
a1f18d69-6cf5-4e83-9c37-c509ca40bad1,CUST117,PROD010,2026-07-17,,1,Credit Card,Completed
f0cbf07d-4a42-41f4-8937-d3771ea62fb2,CUST117,PROD007,2026-07-12,181.57,2,   CrEdIt CaRd   ,Completed
5c48f80c-5d4c-4856-9990-abed2fd66996,CUST117,PROD001,2026-03-13,90.71,,Bank Transfer,Completed
f53fdd5b-6e55-4f89-97fc-cde2054001c1,CUST117,PROD009,2026-06-22,,3,Credit Card,Completed
d1cd4e6d-a286-4bc1-a66c-6efebe685f73,CUST117,PROD001,2026-04-13,90.71,1,   CrEdIt CaRd   ,Completed
4a106374-cc84-4525-a666-6c81e0dcb39d,CUST117,PROD007,2026-06-12,181.57,2,PayPal,Completed
8bf77230-9963-4c98-a178-6a89f483e90d,CUST117,PROD007,2026-07-05,181.57,2,Bank Transfer,Completed
c102ed05-4293-46cd-b90c-26176fedc76a,CUST117,PROD009,2026-04-04,,3,PayPal,Completed
e1ea16b0-72e6-439e-a1db-88a418f64f3b,CUST117,PROD010,2026-05-08,77.0,3,   CrEdIt CaRd   ,Completed
d65d28a1-9638-4ff1-bc36-f949c04fe596,CUST117,PROD008,2026-03-04,237.46,1,PayPal,Completed
bef43bbe-5eb5-4025-8959-88f3329cbbca,CUST117,PROD010,2026-04-06,77.0,3,Bank Transfer,Completed
76e253fc-bb70-4910-bff9-86fe0565e715,CUST118,PROD004,2026-06-17,467.7,1,   CrEdIt CaRd   ,Completed
8035a694-6ce9-4eb9-9512-9d4880edad87,CUST118,PROD006,2026-01-24,280.01,1,Credit Card,Completed
be22c807-f66b-44fe-8b28-d45ccec57244,CUST118,PROD003,2026-04-22,352.06,2,Credit Card,Completed
9c71aaf3-314a-4a0d-b96f-99d05d113b5b,CUST119,PROD004,2026-05-18,467.7,1,Credit Card,Completed
31680193-270b-40da-b04a-a46e1a60fd44,CUST119,PROD005,2026-02-16,158.38,2,   CrEdIt CaRd   ,Completed
6a69d429-4bc9-4420-9120-cf875147d493,CUST119,PROD009,2026-06-15,,3,Bank Transfer,Completed
f72430f9-ad10-4fa3-8438-6cc1e7cf773b,CUST119,PROD003,2026-06-29,352.06,3,Credit Card,Completed
4ede630e-bc58-4ad0-b96a-f0a5982385e1,CUST119,PROD005,2026-05-29,158.38,,Credit Card,Completed
cf7ba8b8-999c-42ea-a0f7-0dde39882f16,CUST119,PROD003,2026-04-30,352.06,3,Bank Transfer,Completed
01f8a214-cb44-41d1-9639-31bee6847f5b,CUST119,PROD008,2026-06-06,237.46,3,PayPal,Completed
110b8dc7-765f-4842-9669-68c29f1c3111,CUST119,PROD002,2026-05-08,204.84,1,Credit Card,Completed
752e9b1a-12eb-4003-9f6e-2936896b4495,CUST119,PROD002,2026-06-15,$204.84,3,PayPal,Completed
b7cef441-2d04-4bf5-acfc-05d5d7e470e2,CUST119,PROD009,2026-07-15,,3,Bank Transfer,Completed
d6e8fefc-cdd8-417e-909c-f1775875c2d0,CUST119,PROD008,2026-07-17,237.46,2,PayPal,Completed
da7152b8-538e-409e-a090-bc86063b3118,CUST119,PROD002,2026-06-09,204.84,1,   CrEdIt CaRd   ,Completed
91b321d3-dfd5-4ef1-ad5f-d21a689a2132,CUST119,PROD003,2026-06-16,352.06,3,Credit Card,Completed
8e57e459-61f5-4692-b633-fb0cb8e2bc94,cust119,PROD009,2026-02-26,,2,Credit Card,Completed
1cf4350e-a7f1-4034-8053-537ac520f5a6,CUST119,PROD001,2026-02-10,90.71,1,   CrEdIt CaRd   ,Completed
06e06c68-fd00-48c8-a0c2-a1169af20bc2,CUST119,PROD004,2026-06-05,467.7,2,Bank Transfer,Completed
cac62b8f-5b36-4bf0-8aea-0b85005429f4,CUST119,PROD003,2026-03-21,352.06,1,Bank Transfer,Completed
866f7dc8-ff83-4d72-9510-fb7f422cea5d,CUST119,PROD001,2026-07-07,90.71,3,Credit Card,Completed
33b327fe-f9c5-4c3e-bc8c-55498e4be84f,CUST120,PROD006,2026-02-13,280.01,1,Bank Transfer,Completed
6a481762-5eb1-4b8b-bf05-00c763dde601,CUST120,PROD001,2026-07-17,90.71,2,PayPal,Completed
65daf144-1697-4351-a69d-ad8af9f3bf0f,CUST120,PROD004,2026-06-16,$467.7,1,   CrEdIt CaRd   ,Completed
a059f4e0-4c62-492f-bdc4-c02cffd282f7,CUST120,PROD005,2026-02-04,158.38,1,Credit Card,Completed
281402e2-9d8d-4171-9009-2f14a562ec24,CUST120,PROD005,2026-04-03,158.38,2,Credit Card,Completed
0edbdd72-0130-4d9e-8f4f-8183be73419f,CUST121,PROD006,2026-03-28,280.01,3,   CrEdIt CaRd   ,Completed
9d302d87-6df8-4d9b-a0f8-11361d49fed3,CUST121,PROD008,2026-05-06,237.46,1,   CrEdIt CaRd   ,Completed
72c478e4-9cee-4acb-9026-d27663c623f0,CUST121,PROD003,2026-05-18,352.06,,PayPal,Completed
b702dbad-6f81-4c4b-bda0-e83504baa518,CUST121,PROD007,2026-06-22,181.57,3,   CrEdIt CaRd   ,Completed
7162dacf-8ebd-4b29-b993-2d7b71188786,CUST121,PROD004,2026-05-13,467.7,1,Bank Transfer,Completed
758ec803-705b-4904-919b-2f667ce77c32,CUST121,PROD003,2026-07-05,352.06,3,   CrEdIt CaRd   ,Completed
e263da1b-5f19-4d76-9f3a-0ff8d749cf49,CUST121,PROD008,2026-04-25,237.46,1,Bank Transfer,Completed
7de95afc-a837-46c9-824c-c4ec62ed5a42,CUST121,PROD003,2026-02-10,352.06,1,Credit Card,Completed
220b1c12-8c75-406a-8446-251ba7d58738,CUST121,PROD002,2026-06-21,204.84,2,Bank Transfer,Completed
8df936d9-308b-47fa-96be-f22b5bc6d928,CUST121,PROD001,2026-03-31,90.71,2,   CrEdIt CaRd   ,Completed
d29916d8-dc0a-47f9-a59d-5fcbcdd08331,CUST121,PROD001,2026-04-23,90.71,3,Bank Transfer,Completed
4360ac75-f3df-4156-b206-71075cec627b,CUST121,PROD009,2026-04-15,,two,   CrEdIt CaRd   ,Completed
6b3af7cc-2e05-40f8-8d62-16f8128679e5,CUST122,PROD001,2026-02-21,90.71,3,Credit Card,Completed
b22fcb1c-c141-4ac2-8f48-990f386eebeb,CUST122,PROD004,2026-06-24,467.7,3,   CrEdIt CaRd   ,Completed
7385d709-3d0f-423d-bf7b-e79950250c15,CUST122,PROD008,2026-06-23,237.46,2,PayPal,Completed
e17832bd-d3c1-41ad-8272-84df557a3401,CUST122,PROD004,2026-05-29,467.7,1,Credit Card,Completed
c5cc8dd2-3fa4-4919-a85b-97a10f114f63,CUST122,PROD010,2026-03-22,77.0,2,Bank Transfer,Completed
6941b4a6-2aae-4097-a5a1-c497209cedf3,CUST122,PROD010,2026-05-07,77.0,2,PayPal,Completed
26b6a469-0445-4c3d-bb80-e0be85a5bc65,CUST122,PROD003,2026-03-19,352.06,2,   CrEdIt CaRd   ,Completed
a32b49de-96f9-4cfb-a00e-4b591d83d231,CUST122,PROD006,2026-07-13,280.01,1,   CrEdIt CaRd   ,Completed
27b7c9df-af52-420d-b67c-6d28f5eb0000,CUST122,PROD007,2026-05-06,181.57,3,Credit Card,Completed
a6ebcb8e-998e-4bc2-9cc0-c46ffe4eac14,CUST122,PROD004,2026-04-29,467.7,3,Bank Transfer,Completed
120d3810-940c-4298-8ab5-18eff68402f6,CUST122,PROD006,2026-05-14,280.01,3,Credit Card,Completed
7e060415-1608-41c4-aa1e-a710e035b6ba,CUST123,PROD003,2026-05-21,352.06,2,PayPal,Completed
7b3191cd-6d55-4485-8cca-2d570fd8f872,CUST123,PROD004,2026-01-28,$467.7,2,   CrEdIt CaRd   ,Completed
f6a045ff-1fa8-4636-805f-347ca2d6c29f,CUST123,PROD002,2026-07-17,,3,PayPal,Completed
cc72b2be-45bc-4287-af0e-34c31f23aa4b,CUST123,PROD004,2026-05-31,467.7,1,Credit Card,Completed
9bbf2b3a-116b-4784-9296-5c4d700e18dc,CUST123,PROD004,2026-07-06,467.7,3,PayPal,Completed
a20cb482-9716-4fef-8a93-5f34176b0da4,CUST123,PROD002,2026-01-27,,1,   CrEdIt CaRd   ,Completed
83862332-c3ad-4237-a299-f9f28b57a03a,CUST123,PROD008,2026-03-02,237.46,2,PayPal,Completed
3ce22a7a-47af-492d-a7ab-68d2183809d1,CUST123,PROD004,2026-04-08,467.7,1,   CrEdIt CaRd   ,Completed
c6f2f592-e391-44eb-b0f2-c9b40db29d3a,CUST123,PROD009,2026-07-07,$nan,2,   CrEdIt CaRd   ,Completed
a6c132de-f023-41e1-9b26-802c9df88920,CUST123,PROD005,2026-05-18,158.38,1,Bank Transfer,Completed
570f68bc-5b34-49cc-bd62-04427b83745d,CUST124,PROD010,2026-02-03,77.0,3,Bank Transfer,Completed
fafec21a-8226-44a6-be7b-827d5322543c,CUST124,PROD003,2026-02-06,352.06,1,Bank Transfer,Completed
3c9b921a-1979-408e-bf3b-512a066b8111,CUST124,PROD010,2026-01-29,77.0,2,Credit Card,Completed
1e18a04c-7d6d-4c25-af99-37b42ea6dd17,CUST124,PROD003,2026-06-11,352.06,1,Credit Card,Completed
b7fe421e-f5ea-4e06-8527-fe6db1f1e5a6,CUST124,PROD007,2026-04-08,181.57,3,Bank Transfer,Completed
98d724d1-c9d2-44b3-a8dd-12c34c7476a0,CUST124,PROD010,2026-05-18,77.0,2,PayPal,Completed
e41bfbb3-550b-4c32-8903-dc1d170aaaac,CUST124,PROD003,2026-07-15,$352.06,3,   CrEdIt CaRd   ,Completed
3b77c531-4754-445c-b581-da1696b9372a,CUST124,PROD001,2026-05-27,90.71,1,   CrEdIt CaRd   ,Completed
4792375a-ebad-4e4a-a8a9-e7434157bb13,CUST124,PROD004,2026-05-11,467.7,,   CrEdIt CaRd   ,Completed
f2953dd8-d6a5-4944-8160-8c95ebbc04e5,CUST124,PROD001,2026-05-10,90.71,1,Credit Card,Completed
5a5d66a6-be6a-45f0-8aed-a073114ce617,CUST124,PROD010,2026-07-01,77.0,2,   CrEdIt CaRd   ,Completed
24267045-3c03-4a78-8f75-a63bf8911a61,CUST124,PROD002,2026-02-02,204.84,2,Bank Transfer,Completed
42f446d1-46c0-461b-be35-cff5434d36c5,CUST124,PROD006,2026-02-26,280.01,1,PayPal,Completed
bcc37512-9ab5-425c-9b23-d16b822e173b,CUST125,PROD008,2026-04-25,237.46,1,   CrEdIt CaRd   ,Completed
e2d09c3a-649f-4745-979e-b889cb1e6fd8,CUST125,PROD005,2026-05-26,158.38,3,   CrEdIt CaRd   ,Completed
36e614b2-7f64-4ad8-a325-7471af8f01a7,CUST126,PROD010,2026-01-28,77.0,3,Credit Card,Completed
4bac651a-4b6c-4fc6-8d16-bdbac573b203,CUST126,PROD010,2026-05-08,77.0,1,Bank Transfer,Completed
08beafee-23f7-4a20-b57f-30712db2ae48,CUST126,PROD007,2026-07-03,181.57,1,Bank Transfer,Completed
c3b9f279-b684-4690-8c0f-a604273ae8b9,CUST126,PROD010,2026-02-09,77.0,2,PayPal,Completed
9cbdc421-21fd-4a59-8e82-e071fa7a407c,cust126,PROD003,2026-06-21,352.06,1,Bank Transfer,Completed
55488f8d-d3ae-4142-b857-f4e6bb36c87b,CUST126,PROD001,2026-05-20,90.71,1,Credit Card,Completed
d439c7b4-b385-4c45-b59c-7e1d249e4b00,CUST126,PROD007,2026-03-25,181.57,3,Bank Transfer,Completed
8c4167e1-eb22-4ec9-b24d-e24c23d0e898,CUST126,PROD005,2026-01-31,158.38,3,Bank Transfer,Completed
e07d75b9-6c1c-4621-bf71-2f6a32c57259,CUST126,PROD009,2026-04-20,,1,Bank Transfer,Completed
043ce484-6de7-442a-b007-e993a531f632,CUST126,PROD009,2026-04-25,,1,PayPal,Completed
4e0152ff-50d8-467f-b050-05d2ffe8ec72,CUST126,PROD010,2026-06-12,77.0,3,Bank Transfer,Completed
f9e0e0d9-63aa-4dac-8223-53660547a283,CUST126,PROD002,2026-01-25,204.84,2,   CrEdIt CaRd   ,Completed
bb49c0b3-d209-40b1-a106-cd1169a30ddf,CUST126,PROD002,2026-07-15,204.84,3,PayPal,Completed
4f129571-834f-4e45-abb9-1f8305fd491d,CUST126,PROD004,2026-05-04,467.7,2,Bank Transfer,Completed
9bb3c7e6-8936-47a8-a46c-9cd44e82b74c,CUST126,PROD003,2026-04-04,352.06,,Credit Card,Completed
97741dd8-89fd-415d-897f-309ef90a8c41,CUST126,PROD002,2026-01-23,204.84,2,Bank Transfer,Completed
02ebb12b-3564-466f-bda1-22c74c129e41,CUST127,PROD003,2026-05-13,352.06,2,Bank Transfer,Completed
48565a40-3de7-4309-9d8d-cfe7553b72ca,CUST127,PROD009,2026-02-04,,3,Bank Transfer,Completed
2ea1fded-3e89-4ccd-a58b-96cb9d7434f1,CUST127,PROD002,2026-06-12,204.84,2,PayPal,Completed
2385273d-3f84-4312-9c5c-e5e86729b3af,CUST127,PROD001,2026-01-27,90.71,1,Bank Transfer,Completed
9add6de8-922c-4220-bf32-cdd240af116c,CUST127,PROD006,2026-06-11,280.01,1,PayPal,Completed
44508a4d-ea8e-4b05-9cb9-1bce2f7850cd,CUST127,PROD004,2026-02-07,,two,Bank Transfer,Completed
8f3e3d24-00c4-4235-a5a4-0e78244df5b5,CUST127,PROD005,2026-02-14,158.38,3,PayPal,Completed
ef111b02-3b54-46e5-9f11-05d8bfe73384,CUST127,PROD002,2026-05-21,$204.84,2,PayPal,Completed
34966d10-a5d8-419a-a450-46ed4549dcd2,CUST128,PROD008,2026-05-17,237.46,two,   CrEdIt CaRd   ,Completed
5e7355a1-6418-47c8-a918-569f9604c2ab,CUST128,PROD001,2026-04-09,90.71,3,Bank Transfer,Completed
731f1055-7ec7-41f5-a071-931f70f19332,CUST128,PROD003,2026-05-15,352.06,,Bank Transfer,Completed
3edb9015-edbf-4069-9c62-69aef4be1c22,CUST128,PROD003,2026-03-21,352.06,2,   CrEdIt CaRd   ,Completed
8ec45bb9-8b10-41dd-8741-109186c215ee,CUST128,PROD002,2026-07-14,204.84,1,Credit Card,Completed
0bd2f0a5-73bc-49ec-b2bb-93c1582116b6,CUST129,PROD005,2026-02-14,158.38,2,Credit Card,Completed
4fb624ca-58a4-45c9-82ef-f7f01169510b,CUST129,PROD009,2026-04-10,,1,   CrEdIt CaRd   ,Completed
39622d60-2965-4146-9c0c-5a9ca2a4117e,CUST129,PROD009,2026-03-19,,2,Bank Transfer,Completed
4e001ef3-38df-4cd0-9389-46f109c3dc4b,CUST129,PROD010,2026-06-15,77.0,2,Credit Card,Completed
dec7ab12-423a-469f-845a-007ae52dc106,CUST129,PROD005,2026-03-16,158.38,3,PayPal,Completed
9ec107cf-e4b3-46b2-b454-e6cac672d70e,CUST129,PROD010,2026-04-10,77.0,,   CrEdIt CaRd   ,Completed
87f8287c-c193-4f31-b8a7-19715e432e1a,CUST129,PROD003,2026-06-13,352.06,1,Bank Transfer,Completed
600a5070-5dd1-47a1-ad77-7b0ad695553b,CUST129,PROD009,2026-02-02,,3,PayPal,Completed
97647f86-9042-4225-a911-8d591bc6bdcc,CUST129,PROD003,2026-06-14,352.06,two,Bank Transfer,Completed
c22b1fc7-2c48-4e20-8c97-78684f0bd367,CUST130,PROD001,2026-01-29,90.71,2,Bank Transfer,Completed
efe34a85-2fd0-44a4-a610-51714791a8f9,CUST130,PROD008,2026-03-19,237.46,2,Bank Transfer,Completed
e55345ed-55c2-48c6-b9c6-a1ff1cc4220b,CUST130,PROD001,2026-05-03,90.71,1,Bank Transfer,Completed
1a8d596c-5549-4335-910e-e548fb597c4e,CUST130,PROD006,2026-07-02,280.01,2,PayPal,Completed
1898b872-5c40-41c6-a103-31663257327a,CUST130,PROD001,2026-04-20,90.71,1,PayPal,Completed
29319867-39ee-41ed-9e8e-d6c2da0f0b8b,CUST130,PROD010,2026-03-05,77.0,3,Bank Transfer,Completed
8b4c1dc8-e03f-449e-9dd4-25e4088c700d,CUST130,PROD008,2026-06-05,237.46,1,Credit Card,Completed
594db547-6ac7-4d5d-b979-c34c15f70491,CUST130,PROD010,2026-02-16,77.0,3,Credit Card,Completed
7eccbff9-b2ed-4c53-a710-544883127d8a,CUST130,PROD004,2026-03-05,467.7,3,PayPal,Completed
71f4965d-1a50-4988-9571-163386ae0dc2,CUST130,PROD002,2026-01-23,204.84,3,PayPal,Completed
ff4251e6-38b5-44c9-aeae-29fb02c3a6d5,CUST130,PROD006,2026-07-01,$280.01,2,   CrEdIt CaRd   ,Completed
9a63e246-75b3-4e11-9762-0ceb8090b248,CUST130,PROD004,2026-06-22,467.7,2,PayPal,Completed
3569abd6-594e-4e8f-86c9-db93ee69a290,CUST130,PROD008,2026-02-23,237.46,3,PayPal,Completed
430f9597-0011-4110-9b1a-896a92fd9bf9,CUST130,PROD003,2026-07-03,352.06,2,Credit Card,Completed
e45698d8-083d-44bf-a4d8-e2c1002f2cbd,CUST130,PROD001,2026-02-19,90.71,3,   CrEdIt CaRd   ,Completed
0c96aa79-aff6-42d4-a3fb-dca6ea594e5d,CUST130,PROD008,2026-04-02,237.46,1,Credit Card,Completed
34b05931-484d-4e01-bc5d-d23a81d68241,CUST130,PROD004,2026-04-06,,2,   CrEdIt CaRd   ,Completed
cff86504-54bb-4c7c-ba85-7c37c3e43562,CUST130,PROD001,2026-02-07,90.71,2,   CrEdIt CaRd   ,Completed
9b8fa97a-9376-49c9-a731-7091c8b11e8a,CUST130,PROD007,2026-03-18,181.57,3,Bank Transfer,Completed
a6a2b06a-2bc2-4a14-912a-33940490142b,CUST130,PROD004,2026-05-26,467.7,2,Bank Transfer,Completed
2a099dea-4304-4b8c-94e2-985e56d03b7d,CUST131,PROD009,2026-07-06,,3,Credit Card,Completed
805c12d0-c127-414b-b904-78d555ea4181,CUST131,PROD006,2026-05-16,280.01,2,PayPal,Completed
f3b0be07-e047-462f-b1c2-21651a7c1386,CUST131,PROD009,2026-04-20,,2,Credit Card,Completed
2f45456a-23ea-4bf7-af3c-ee63ead0f70d,CUST131,PROD007,2026-05-16,181.57,3,Bank Transfer,Completed
c2df521e-8505-411f-8a29-0432067c34d0,cust131,PROD004,2026-07-11,467.7,1,PayPal,Completed
4f603a83-cbd7-4828-8b76-f11d0568eed5,CUST131,PROD006,2026-05-19,280.01,2,Bank Transfer,Completed
4fa3c12c-d284-4e01-be10-c952d421f9a4,CUST131,PROD002,2026-06-28,,2,Bank Transfer,Completed
df3a9773-b5f6-4cc7-97aa-4b9d24bae7e2,CUST131,PROD002,2026-05-01,$204.84,3,PayPal,Completed
06c8a5a4-3249-4394-8caa-72078bc7ef52,CUST131,PROD007,2026-03-13,$181.57,2,Credit Card,Completed
c5397fb5-0354-409e-ab41-a84bf24129af,CUST132,PROD007,2026-06-27,181.57,3,Bank Transfer,Completed
24151d7b-d4da-4230-af0e-4b2d7b0856f8,CUST132,PROD008,2026-03-02,237.46,1,PayPal,Completed
34da8dcd-6f3f-4398-afe6-1576c4a953de,CUST132,PROD001,2026-07-16,90.71,,PayPal,Completed
38381b12-9847-4039-985b-a3211ab74f19,CUST132,PROD007,2026-04-16,181.57,3,   CrEdIt CaRd   ,Completed
ff228414-972a-4af2-9e51-18ffc3ebffc2,CUST132,PROD006,2026-05-22,280.01,3,Bank Transfer,Completed
dab33b37-f78a-423c-8f04-dfcc6f1128d1,CUST132,PROD002,2026-01-29,,3,Credit Card,Completed
9d0d2f03-41b6-4ad7-af96-0559b1075957,CUST132,PROD004,2026-06-06,467.7,2,   CrEdIt CaRd   ,Completed
bbdd073a-e68a-4b4d-bb39-ed2c9b32bf9b,CUST132,PROD003,2026-05-04,352.06,1,   CrEdIt CaRd   ,Completed
f107e7ee-79b2-4d0a-b36b-6f7efa95c0e1,CUST132,PROD009,2026-04-23,,1,   CrEdIt CaRd   ,Completed
d864af28-1047-4df7-be04-650b75521377,CUST133,PROD003,2026-04-23,352.06,3,Credit Card,Completed
4a8e54bf-1997-4d66-a116-c4d01db77461,CUST133,PROD002,2026-03-12,204.84,2,PayPal,Completed
1cb1c4f9-43aa-402d-a85d-4a815ed69238,CUST133,PROD007,2026-07-12,,,Credit Card,Completed
cac4d1a3-fdc9-4bff-9204-b7b4612ecb22,CUST133,PROD010,2026-02-09,$77.0,2,PayPal,Completed
fb3f07c2-3d6d-4ad5-8044-1939c36caec5,CUST133,PROD006,2026-05-18,280.01,1,Bank Transfer,Completed
ae90227b-e20e-41fa-8714-9a196bf6a62f,CUST133,PROD005,2026-02-14,158.38,1,PayPal,Completed
27a9798a-8e17-4cbd-8f0d-7e59cf3a0cab,CUST133,PROD005,2026-03-29,$158.38,two,   CrEdIt CaRd   ,Completed
285c4206-03a6-497c-98f6-4554561ec8d6,CUST133,PROD009,2026-05-20,,1,Credit Card,Completed
89ed70ef-3018-4394-b2f9-b5b56a5ec2f7,CUST133,PROD003,2026-02-20,352.06,3,Bank Transfer,Completed
08f7be40-5f79-455e-ad1c-8a894de1f952,CUST133,PROD007,2026-06-04,181.57,2,Credit Card,Completed
60fa5113-55fc-4154-b03e-7fd0130e3969,CUST133,PROD005,2026-04-19,158.38,two,PayPal,Completed
cbc57db4-746e-4d18-b471-425f66741a78,CUST133,PROD004,2026-03-24,467.7,3,Credit Card,Completed
b6a60ee3-2d5c-49a4-84fe-5dde9342ee33,CUST133,PROD008,2026-04-29,237.46,3,Bank Transfer,Completed
26601536-212a-477b-950c-a6620fce2be5,CUST133,PROD008,2026-03-07,237.46,2,   CrEdIt CaRd   ,Completed
d7f73546-4844-461d-86f6-54c0a532f1ff,CUST133,PROD006,2026-03-03,280.01,2,   CrEdIt CaRd   ,Completed
9ccc5bfe-14d3-454d-aaee-34163afd5506,CUST133,PROD010,2026-01-30,77.0,1,Credit Card,Completed
2737abbd-8abc-4280-99b7-b88c3eb281a9,CUST133,PROD003,2026-01-21,352.06,1,PayPal,Completed
b41e38de-d53d-415f-82d3-1aedadf918fe,CUST134,PROD008,2026-06-29,237.46,2,Credit Card,Completed
0db493a2-1ba9-4f14-a3c7-bd57e8e2c168,CUST134,PROD006,2026-05-26,280.01,1,PayPal,Completed
40a19524-c1ba-4fe2-aebb-b1f3d7d5e161,CUST134,PROD002,2026-06-18,204.84,2,Bank Transfer,Completed
70195f50-f604-44e2-b1a6-fdc30b9b596c,CUST134,PROD003,2026-03-21,352.06,3,Bank Transfer,Completed
8fb4c20d-ef2a-4828-bb37-83cdd731f5cf,CUST134,PROD002,2026-04-28,,3,PayPal,Completed
bef1dac0-7c2b-40d5-88da-a89e03361923,CUST134,PROD002,2026-03-03,204.84,3,PayPal,Completed
1f68ceb0-33cd-42d9-8828-cba96605cfa5,CUST134,PROD010,2026-06-06,77.0,2,Bank Transfer,Completed
736c82d9-922e-4061-b804-073900b3ecc9,CUST134,PROD009,2026-07-05,,2,Credit Card,Completed
6e650cb2-7da7-4e38-ba90-9f093e0c9715,CUST134,PROD002,2026-03-04,204.84,2,Credit Card,Completed
d737db3c-1dc8-4c1d-be85-c5fe054698b4,CUST134,PROD002,2026-05-28,204.84,2,PayPal,Completed
d9b9ab05-4d68-4643-bdc8-abaaf4d28192,CUST134,PROD005,2026-02-12,,1,Bank Transfer,Completed
8e187ca0-42c3-4099-9f97-1b38b0deb387,CUST134,PROD010,2026-05-14,77.0,3,PayPal,Completed
87d61deb-957e-4a97-97a8-dbc2cdcbe115,CUST134,PROD002,2026-03-19,204.84,2,   CrEdIt CaRd   ,Completed
d24e2700-60b6-4d56-8b48-06ad80a97d37,CUST134,PROD010,2026-02-28,77.0,3,Bank Transfer,Completed
4d9963d1-3e35-4846-b80e-daf621466c04,CUST134,PROD009,2026-04-02,,1,   CrEdIt CaRd   ,Completed
a6ba2f19-52c3-436e-8cc6-2bb9de1b59a2,CUST134,PROD007,2026-03-06,181.57,1,Credit Card,Completed
ef5c8aaf-d5c7-4867-8511-1bf5e6245039,CUST134,PROD005,2026-02-26,158.38,3,Bank Transfer,Completed
7a2b40fa-dd5b-4aae-b8ad-2b5f1c6c203e,CUST134,PROD002,2026-04-04,204.84,2,PayPal,Completed
3382fed7-9dac-46fd-8d60-ce1f91b0c8e6,cust134,PROD005,2026-02-21,158.38,1,Bank Transfer,Completed
23f6d8e5-14dd-4270-9447-6863495b0891,CUST135,PROD006,2026-06-20,280.01,two,Bank Transfer,Completed
14bcb5f5-5216-44ed-9522-f47da3f9947c,CUST135,PROD002,2026-03-30,204.84,1,PayPal,Completed
6b5c7574-5013-4ba1-a8e1-1822febc9eef,CUST135,PROD010,2026-06-30,77.0,1,   CrEdIt CaRd   ,Completed
9d2f70dc-1940-46f6-bc95-9e749aae5a6c,CUST135,PROD001,2026-04-21,$90.71,3,   CrEdIt CaRd   ,Completed
4ec02492-5c83-4e1f-98bc-3b9ffdbf5849,CUST135,PROD004,2026-03-23,467.7,2,Credit Card,Completed
9acdb437-0012-46dd-84d9-556f040f3405,CUST135,PROD008,2026-03-29,237.46,1,Credit Card,Completed
10f87a66-3c71-4f1a-a2b2-d4f0360e1b76,CUST135,PROD005,2026-07-09,158.38,1,   CrEdIt CaRd   ,Completed
9789f7e4-cc37-4db2-a687-e79327678432,CUST135,PROD010,2026-03-04,77.0,1,PayPal,Completed
35a160f1-f90b-4d41-b115-d98e5d6f077a,CUST136,PROD008,2026-01-29,237.46,2,PayPal,Completed
cb25471d-0df9-4f2f-9211-d07c5f3df155,CUST136,PROD004,2026-06-25,467.7,3,Bank Transfer,Completed
f0cb28e5-0791-4066-aa85-29fc54642145,CUST136,PROD007,2026-03-04,181.57,2,Credit Card,Completed
7d674d9a-c771-4fa6-9be0-dc5e22e3ea88,CUST136,PROD005,2026-03-13,158.38,two,Credit Card,Completed
e958001a-0c4b-4d60-9486-e20a493e80a5,CUST136,PROD007,2026-03-10,181.57,3,PayPal,Completed
1f62e002-a7d8-44be-a65b-f0f7a6afe0e3,CUST136,PROD010,2026-06-02,77.0,1,Bank Transfer,Completed
c9b3a565-8043-457c-8a26-ff74889c2153,CUST136,PROD004,2026-03-02,467.7,3,PayPal,Completed
0cddf565-4bf9-4114-ac93-0078a3383556,CUST136,PROD007,2026-04-25,181.57,3,Bank Transfer,Completed
565c03be-1432-4f57-84c9-455513523afe,CUST136,PROD003,2026-05-04,352.06,2,   CrEdIt CaRd   ,Completed
3d318b5b-90da-4fb7-ba8b-ba5fecb2c248,CUST136,PROD008,2026-03-08,237.46,2,   CrEdIt CaRd   ,Completed
b4b1b2ef-74de-40e2-ae8c-3e8598df29b6,CUST136,PROD002,2026-05-11,,3,Credit Card,Completed
67b32c8f-684f-423c-9833-dbbd63ae0e1e,cust137,PROD001,2026-05-19,90.71,3,Bank Transfer,Completed
8186aa33-f363-424c-bf50-13daa9e06815,CUST137,PROD007,2026-05-17,181.57,3,PayPal,Completed
ac7e33f6-0b95-48a6-af74-e3a6d56c6c70,cust137,PROD003,2026-07-14,352.06,1,Bank Transfer,Completed
491058e4-8978-4c82-8299-3aa51f63c54c,CUST137,PROD002,2026-03-29,204.84,3,PayPal,Completed
18406478-91c3-4766-9ed4-39c12a7b389d,CUST137,PROD002,2026-01-27,204.84,3,Bank Transfer,Completed
5f54a695-9b92-45c0-93c8-2c6cbbb6aea7,CUST137,PROD002,2026-05-05,204.84,1,Credit Card,Completed
f19f097d-fb72-4e8f-a42f-e56df811a7d4,CUST137,PROD007,2026-03-31,181.57,2,PayPal,Completed
2b197dcc-0823-407d-9074-7453063e1edf,CUST137,PROD004,2026-06-22,,1,Credit Card,Completed
dc413b3b-1aae-46c9-b076-c275e66af951,CUST137,PROD010,2026-02-17,$77.0,2,PayPal,Completed
6662bc0e-d661-4944-8ced-67147dd4e6a3,CUST137,PROD003,2026-06-14,352.06,3,Bank Transfer,Completed
baac5572-1ca0-4730-9e29-d158cc124791,CUST137,PROD002,2026-04-29,204.84,2,Credit Card,Completed
dcc4629b-804a-4752-9c0d-af29a73eca71,CUST137,PROD009,2026-01-20,,1,PayPal,Completed
a98b04ed-fb7c-49c8-9c63-18bbc34fae47,CUST137,PROD002,2026-03-26,204.84,1,Bank Transfer,Completed
4bbe5849-5c92-4408-b4ff-d6460a1fa642,CUST137,PROD002,2026-06-23,,3,Bank Transfer,Completed
45d33386-336a-4a86-a87b-c314044bc863,CUST137,PROD003,2026-02-22,352.06,3,Bank Transfer,Completed
c7cdc5cb-a8e6-4082-bb25-06ba55b9555f,CUST137,PROD002,2026-03-23,204.84,2,   CrEdIt CaRd   ,Completed
ce928c5f-f6ab-47fb-bce7-d83756b4db16,cust137,PROD001,2026-04-02,,,Bank Transfer,Completed
ff61d4fa-c2bb-44b2-9b16-851458ba2506,CUST137,PROD010,2026-02-27,77.0,,Credit Card,Completed
7b7df4a0-ba38-48d1-8710-9a824c82ac45,CUST138,PROD002,2026-01-27,204.84,1,   CrEdIt CaRd   ,Completed
82d74e51-6bf4-44dc-8cd9-d6daa4ec855d,CUST138,PROD007,2026-02-20,181.57,2,PayPal,Completed
8b816452-11cc-4381-a322-59229c3864f0,CUST139,PROD007,2026-03-09,,3,PayPal,Completed
a0064908-9fcc-4f3e-b5ea-937bd853bb9e,CUST139,PROD009,2026-05-28,,2,Credit Card,Completed
3ae87de1-70c3-48ed-a831-f08c042ec788,CUST139,PROD009,2026-03-12,,,Credit Card,Completed
68e3ae9b-27c8-451c-b5e3-64415cb76913,CUST139,PROD004,2026-03-23,,2,PayPal,Completed
094ce956-37f3-4894-a498-5106bd744376,CUST139,PROD007,2026-03-30,181.57,1,Bank Transfer,Completed
fbb936da-bd93-477c-ab0b-75a468a73af0,CUST139,PROD003,2026-07-01,352.06,3,Credit Card,Completed
e67a4f64-4467-4c39-90a5-3dfe539d1315,CUST139,PROD010,2026-03-24,77.0,3,   CrEdIt CaRd   ,Completed
cec574dd-b101-4e9e-8c57-7d4a85105a90,CUST139,PROD008,2026-01-25,237.46,1,   CrEdIt CaRd   ,Completed
9ea55a6f-3d9e-4529-9aae-dae8988b5518,CUST139,PROD009,2026-03-03,,3,Bank Transfer,Completed
c281b1e3-42f1-4afe-b249-6d5d522674af,CUST140,PROD007,2026-04-08,181.57,1,   CrEdIt CaRd   ,Completed
68affa24-13e9-4090-bcfd-cd1dc9e9dfb7,CUST140,PROD005,2026-05-12,158.38,2,Credit Card,Completed
9fd27100-63e3-4e9c-8c1d-aa7c01750ee1,CUST140,PROD001,2026-03-26,90.71,1,Credit Card,Completed
e57bd155-ab98-4bdc-8468-dbde6e7e9fc1,CUST140,PROD005,2026-03-10,158.38,2,PayPal,Completed
ff0da473-fce0-4dee-81c6-fd46778308e6,CUST140,PROD005,2026-03-23,158.38,3,   CrEdIt CaRd   ,Completed
539525bb-df41-41ba-b4a0-8b043f5de876,CUST140,PROD010,2026-07-12,77.0,2,   CrEdIt CaRd   ,Completed
173d4bc9-189e-4d22-b5ca-58cc46a284bf,CUST141,PROD010,2026-03-10,77.0,2,Bank Transfer,Completed
b1c660b8-d2b6-4207-a152-a251aef0a40c,CUST142,PROD004,2026-02-05,467.7,1,PayPal,Completed
6e99c1c6-bbf3-41b2-a1b9-f148196c443d,CUST142,PROD009,2026-02-14,,1,   CrEdIt CaRd   ,Completed
2bb5214e-b057-40f3-937c-ef6d5d2c3ce6,CUST142,PROD005,2026-02-02,158.38,,   CrEdIt CaRd   ,Completed
d0d7d23b-427d-494a-bec2-7d9da23ff63b,CUST142,PROD009,2026-07-02,,3,Credit Card,Completed
57148a5c-11cd-4b61-a64f-5e177a5c6759,CUST142,PROD008,2026-05-13,237.46,2,   CrEdIt CaRd   ,Completed
31ca4dc4-9111-45f4-8335-9fac00d5d433,CUST142,PROD004,2026-02-19,467.7,3,PayPal,Completed
a1874cbc-f2d6-4781-bd20-dd012180fc9c,CUST142,PROD004,2026-02-11,$467.7,1,PayPal,Completed
4661c8f8-1804-40f8-aca1-ff21ad901174,cust142,PROD008,2026-03-03,237.46,3,PayPal,Completed
bf540a52-9a3b-4219-8650-61f751aab121,CUST142,PROD009,2026-02-03,,2,Credit Card,Completed
0a128a19-0605-44cd-8f09-56b4937135e8,CUST142,PROD008,2026-06-09,237.46,2,PayPal,Completed
d69a17b5-330d-4b9c-888b-569f89ad5636,CUST142,PROD004,2026-07-16,467.7,2,   CrEdIt CaRd   ,Completed
61b7e21b-91d8-4087-bd3b-2050c6514558,CUST142,PROD002,2026-05-16,204.84,3,   CrEdIt CaRd   ,Completed
efe8570f-e620-4de2-a74b-0a2e3fe50745,CUST142,PROD001,2026-06-22,90.71,1,PayPal,Completed
0e139c46-a107-4152-80c6-519b7fbf7b2c,CUST142,PROD001,2026-06-06,$90.71,3,PayPal,Completed
9afd3595-28c3-4734-a3ca-cb1612eb69a7,CUST142,PROD008,2026-05-31,237.46,3,   CrEdIt CaRd   ,Completed
bfd8d464-7ac6-4392-ab0b-9094369a4e4a,CUST142,PROD009,2026-04-08,,3,Bank Transfer,Completed
c12b4d86-c10e-4a3f-8ed7-0da0f711e50c,CUST142,PROD007,2026-04-20,181.57,2,Bank Transfer,Completed
e6b4403a-eee9-485b-a1e1-542f787c2ef0,CUST142,PROD010,2026-02-06,77.0,3,Bank Transfer,Completed
aa2324f2-5981-4b8a-8434-f26d2491f695,CUST142,PROD003,2026-03-21,352.06,2,   CrEdIt CaRd   ,Completed
2c667f1e-4783-4f77-9512-962039e0b553,CUST143,PROD001,2026-03-21,90.71,2,Credit Card,Completed
6705c663-c56e-4351-be8c-bdde39f8ea0c,CUST143,PROD006,2026-04-03,280.01,3,   CrEdIt CaRd   ,Completed
e3574f23-7bfa-4565-afd7-0e74adf976bc,CUST143,PROD006,2026-02-22,280.01,3,Credit Card,Completed
e7757beb-9273-43bf-a608-c9ba75d2ec87,CUST143,PROD007,2026-05-01,181.57,2,PayPal,Completed
75c97acd-b9cc-43ba-ab51-fc228af26e56,CUST143,PROD005,2026-01-23,158.38,,Bank Transfer,Completed
af661371-f502-4fb0-aa31-aa5de7679a6b,CUST143,PROD006,2026-07-04,280.01,2,PayPal,Completed
5a14497f-4589-4634-a84f-4d255cfbaa53,CUST143,PROD005,2026-06-05,158.38,2,PayPal,Completed
c6a8e469-51fe-461e-90c5-4af242b4a45b,CUST143,PROD001,2026-05-06,$90.71,2,   CrEdIt CaRd   ,Completed
0a7616ad-68ec-4018-8852-d1961388bdd1,CUST143,PROD010,2026-03-24,77.0,2,   CrEdIt CaRd   ,Completed
dc1fb8fa-e0f0-4792-90eb-1dd47c38323c,CUST144,PROD010,2026-02-14,77.0,3,PayPal,Completed
394f598a-141b-4ebd-8cf0-4f5f9ea298c1,CUST144,PROD004,2026-04-01,467.7,1,   CrEdIt CaRd   ,Completed
a3381eef-c309-4883-ab2e-affc7a78368a,CUST144,PROD004,2026-02-27,467.7,3,PayPal,Completed
b2fbe4a3-6e62-4a8b-856b-4e2fb70afbf0,CUST144,PROD003,2026-05-11,352.06,2,Credit Card,Completed
437e4059-6b4e-475f-b2e3-5455f51ea365,CUST144,PROD009,2026-06-24,,1,Bank Transfer,Completed
87468a8a-a442-4623-9aef-aa48bd011010,CUST144,PROD001,2026-06-22,90.71,2,   CrEdIt CaRd   ,Completed
ac289675-71b6-42c6-9e75-69c305412e14,CUST144,PROD002,2026-06-30,204.84,1,Credit Card,Completed
1f80831f-9d65-4db0-b5f8-a107226984ba,CUST144,PROD006,2026-07-08,280.01,1,PayPal,Completed
ec08c9aa-b34c-417b-84ab-af3b528c72fd,CUST144,PROD008,2026-03-25,237.46,3,Bank Transfer,Completed
fdce6d35-2e77-4048-b265-f2ad87abd042,CUST144,PROD003,2026-04-25,352.06,2,Bank Transfer,Completed
1620613f-4591-48b4-ae50-a374b9333c96,CUST144,PROD001,2026-04-10,90.71,1,Credit Card,Completed
f1d36102-e3a6-4984-9cb9-71a2c080a4d1,CUST144,PROD009,2026-01-21,,2,Bank Transfer,Completed
5d1cc905-245c-4e78-a826-172a11d56fc0,CUST144,PROD006,2026-04-06,280.01,1,Credit Card,Completed
c02a19b8-ec1f-4c63-9b7b-efe18f60239f,CUST144,PROD001,2026-06-01,90.71,2,Credit Card,Completed
dcd23a8a-6434-493b-ad40-34689c94bd25,CUST144,PROD008,2026-06-28,237.46,1,   CrEdIt CaRd   ,Completed
98e36fbd-02ab-4018-8270-0a3afd626e00,CUST144,PROD004,2026-01-23,467.7,1,   CrEdIt CaRd   ,Completed
b5241fb8-f02d-40c3-a54a-70c044397961,CUST145,PROD002,2026-04-29,204.84,2,PayPal,Completed
89a89e29-bb36-457d-a053-2bab2ed8d4ec,CUST145,PROD005,2026-02-12,158.38,1,Credit Card,Completed
1ba00b7a-af30-4176-8819-0d7b0548f3d8,CUST145,PROD004,2026-03-17,$467.7,3,   CrEdIt CaRd   ,Completed
3f56d4bf-531a-4110-8343-0037a90d6cd4,CUST145,PROD007,2026-05-12,181.57,1,Bank Transfer,Completed
bc4cfe9b-96c5-46bd-b953-0047ca4d8092,CUST145,PROD005,2026-05-12,158.38,,Bank Transfer,Completed
643d4872-2dd4-4781-a5a5-f7b21c212603,cust145,PROD010,2026-06-05,77.0,1,Credit Card,Completed
ae26f307-3d96-437d-9147-bf56fe1de055,CUST145,PROD009,2026-05-21,,1,Credit Card,Completed
b7bcad75-057d-4a0b-ba15-4f6279863958,CUST145,PROD010,2026-03-07,77.0,3,   CrEdIt CaRd   ,Completed
130c6c5f-2322-45db-9e06-aa83c97d9102,CUST145,PROD004,2026-04-11,467.7,1,PayPal,Completed
e3c32fbd-136f-4a1b-b68c-cdd63764de23,CUST145,PROD009,2026-06-03,,3,Credit Card,Completed
426c9b88-b86e-409a-893f-9294bb5fa1d0,CUST145,PROD001,2026-01-30,90.71,3,   CrEdIt CaRd   ,Completed
76d61292-393d-4b60-a850-64831ca5f71a,CUST145,PROD004,2026-05-08,467.7,1,PayPal,Completed
fe5a1a90-678f-4fb2-9406-41b09df73651,CUST145,PROD008,2026-04-01,237.46,1,Bank Transfer,Completed
a3df3123-bf64-4617-8b1d-cca8abd97fe7,CUST145,PROD010,2026-05-28,77.0,3,Bank Transfer,Completed
f1b33d1e-e457-4009-b44c-9280e3c1bb1a,CUST145,PROD003,2026-02-07,352.06,1,Bank Transfer,Completed
e3bb920c-33b8-4fae-a6fb-2ebd0f6745f4,CUST145,PROD006,2026-03-19,280.01,1,PayPal,Completed
20a62276-6320-406e-abf7-630f0ee1d9f5,CUST145,PROD010,2026-05-18,77.0,1,Credit Card,Completed
3df198c9-3a32-412d-9704-afa85f4d4f3f,CUST146,PROD010,2026-06-26,77.0,1,PayPal,Completed
0199c0af-dfcf-4995-a307-fafa068d2a7d,CUST146,PROD002,2026-04-19,204.84,3,PayPal,Completed
5ac27794-30ad-4434-94b2-ad9823b86050,CUST146,PROD010,2026-05-29,77.0,2,   CrEdIt CaRd   ,Completed
dab035ce-5217-46e1-8686-0beafe1ae84b,CUST146,PROD007,2026-02-23,181.57,1,Credit Card,Completed
6084fed8-96f8-420a-9749-5a87122dc41d,CUST146,PROD006,2026-04-18,280.01,1,   CrEdIt CaRd   ,Completed
1e1a8438-bade-40bd-82e9-e681a568e7a0,CUST147,PROD009,2026-04-18,,1,PayPal,Completed
f8e5926d-ee82-4bb6-b45c-26d550c0bbcf,CUST147,PROD009,2026-05-23,,2,   CrEdIt CaRd   ,Completed
cebd7706-03f7-48f6-a6b3-1bf7c11f60c4,cust147,PROD004,2026-07-02,467.7,1,Credit Card,Completed
13737541-8ac3-41ce-bdd6-1866e809e4b8,CUST147,PROD006,2026-03-24,280.01,3,Credit Card,Completed
ce9e6f1b-f60a-4eac-af54-b2b8a7df9493,CUST147,PROD009,2026-05-13,,2,Bank Transfer,Completed
ff5ca96a-e6e4-40e2-b39a-b3b183bf8ec1,CUST147,PROD003,2026-02-13,352.06,3,Bank Transfer,Completed
1cc748bb-9505-42ff-9ef9-7079a208fc80,CUST147,PROD009,2026-06-22,,3,PayPal,Completed
2a019e5e-2fed-46cf-988f-23cc708b7878,cust147,PROD008,2026-07-08,237.46,3,PayPal,Completed
b583ab83-6421-47ee-9481-b44b783e54b4,CUST147,PROD005,2026-06-18,158.38,1,   CrEdIt CaRd   ,Completed
b300b4af-f88c-4256-8e92-bd342e200ed5,CUST147,PROD009,2026-06-04,,1,Credit Card,Completed
22532f8b-ff75-4c8f-9339-8007cc415a74,CUST147,PROD005,2026-07-04,158.38,1,Credit Card,Completed
756fbac8-4e99-4923-851d-06afd5ea82d7,CUST147,PROD004,2026-02-16,467.7,2,PayPal,Completed
818764e8-561f-46a5-81dc-69a54bcb020b,CUST147,PROD003,2026-06-11,352.06,3,Credit Card,Completed
b92d0870-635d-4b72-83a5-be7bbe014c8a,CUST147,PROD006,2026-05-19,280.01,3,   CrEdIt CaRd   ,Completed
6522e55b-83b0-4e3a-8e69-94761c2586a3,CUST147,PROD005,2026-04-07,158.38,2,   CrEdIt CaRd   ,Completed
b41ee569-af56-484e-9a4f-9a09a270692e,CUST147,PROD006,2026-06-11,280.01,1,PayPal,Completed
e60e07c2-d95f-4e68-8f04-b3a0be37fc9a,CUST147,PROD007,2026-05-07,181.57,1,   CrEdIt CaRd   ,Completed
f1cf5d9c-817d-469c-bc6c-0f3414a21385,CUST148,PROD006,2026-06-20,280.01,1,Bank Transfer,Completed
389d5cad-3740-4309-8352-2744a08bc39a,CUST148,PROD005,2026-04-20,158.38,2,Bank Transfer,Completed
c5317d8c-356c-4cb0-8a55-e69d64bf227f,CUST148,PROD002,2026-03-09,,2,Bank Transfer,Completed
6405a133-4a43-46cc-8f05-fd9b6f1122c4,CUST148,PROD009,2026-06-27,,1,Credit Card,Completed
d1b4c05b-9f7d-4755-95a6-a77035b9564c,CUST148,PROD005,2026-03-08,158.38,3,Credit Card,Completed
062e6f32-0bfe-4e71-835e-1e58ea576bb6,CUST148,PROD010,2026-04-11,77.0,3,Credit Card,Completed
2728008d-78c3-4132-9175-409e793f29db,CUST148,PROD001,2026-07-15,90.71,1,Bank Transfer,Completed
743278d7-2084-4604-8b10-7a0e0d8685b8,CUST148,PROD004,2026-02-14,467.7,1,   CrEdIt CaRd   ,Completed
70ff06e4-2d09-4feb-aa34-ce1d69cdcbcd,CUST148,PROD009,2026-03-13,,3,Credit Card,Completed
4c9bd923-6390-45e4-963f-279829f417e5,CUST149,PROD001,2026-05-17,90.71,3,PayPal,Completed
ca6063e4-49cf-4204-a1b6-6a27a57e90e0,CUST149,PROD009,2026-05-19,,3,PayPal,Completed
360e9263-09d5-4777-8a4f-8742d3629dd8,CUST150,PROD004,2026-04-16,467.7,3,PayPal,Completed
d0314b1b-92fb-40a0-ae21-fac6fd699543,CUST150,PROD009,2026-01-28,,3,   CrEdIt CaRd   ,Completed
6cdf6c97-6dd8-40e6-be08-ab9a829a647d,CUST150,PROD006,2026-05-14,280.01,3,PayPal,Completed
4fc0d071-8f05-4e13-afa8-955db12c4aa3,CUST150,PROD008,2026-05-24,237.46,1,Credit Card,Completed
acd85ac1-6a79-489a-9cf4-723e4167201d,CUST150,PROD005,2026-06-16,158.38,2,PayPal,Completed
707bcaf8-b14c-4176-8acc-2f31555c8629,CUST150,PROD009,2026-01-24,,1,Bank Transfer,Completed
